"","model","formula","lam(Int)","SElam(Int)","lam(S500.VPD__100.150cm_Grid.1x1m.mean)","SElam(S500.VPD__100.150cm_Grid.1x1m.mean)","lam(S500.VPD__150.200cm_Grid.1x1m.mean)","SElam(S500.VPD__150.200cm_Grid.1x1m.mean)","lam(S500.VPD__2.3m_Grid.1x1m.mean)","SElam(S500.VPD__2.3m_Grid.1x1m.mean)","lam(Shrub_500)","SElam(Shrub_500)","lam(Species_Sali_Spp_v1_500)","SElam(Species_Sali_Spp_v1_500)","lam(SpeciesGroups_Broadleaf_Spp_v1_500)","SElam(SpeciesGroups_Broadleaf_Spp_v1_500)","lam(Water_500)","SElam(Water_500)","lam(Whitespruce_50)","SElam(Whitespruce_50)","p(Int)","SEp(Int)","p(Julian)","SEp(Julian)","Converge","CondNum","negLogLike","nPars","n","AIC","delta","AICwt","Rsq","cumltvWt","r2"
"1","56","~1 ~ Shrub_500 + Species_Sali_Spp_v1_500 + 1",1.40986790469509,0.474991714839569,NA,NA,NA,NA,NA,NA,0.142896137508075,0.0791013509877307,-0.314441444006459,0.12676191112628,NA,NA,NA,NA,NA,NA,-2.17030965489774,0.534854237389873,NA,NA,0,123.813898444125,326.225651704324,4,98,660.451303408648,0,0.0839535667622804,NA,0.0839535667622804,0.0941392995721925
"2","234","~1 ~ S500.VPD__100.150cm_Grid.1x1m.mean + S500.VPD__150.200cm_Grid.1x1m.mean + S500.VPD__2.3m_Grid.1x1m.mean + 1",1.41534057382246,0.47139697536258,1.47745674816085,0.495665011345175,-3.06262586897532,0.929935601439196,1.67612979749014,0.512313559435201,NA,NA,NA,NA,NA,NA,NA,NA,NA,NA,-2.17845345214419,0.528810900450847,NA,NA,0,456.292461193028,325.480167933858,5,98,660.960335867715,0.509032459067498,0.0650884842178991,NA,0.14904205098018,0.107816715441298
"3","568","~1 ~ Shrub_500 + Species_Sali_Spp_v1_500 + Water_500 + 1",1.42328438398271,0.482252826965081,NA,NA,NA,NA,NA,NA,0.161449358914949,0.0793378539864637,-0.282189518206358,0.130461096442628,NA,NA,-0.118690246699054,0.110032384137265,NA,NA,-2.19079487191794,0.541684766325387,NA,NA,0,129.298398656434,325.530718007441,5,98,661.061436014881,0.610132606233492,0.0618800334489244,NA,0.210922084429104,0.106895833767825
"4","6","~1 ~ Species_Sali_Spp_v1_500 + 1",1.42622009644829,0.471275899666213,NA,NA,NA,NA,NA,NA,NA,NA,-0.281308343663572,0.122717630779506,NA,NA,NA,NA,NA,NA,-2.17588710985948,0.531112564743693,NA,NA,0,120.42535247077,327.704605328442,3,98,661.409210656884,0.957907248236097,0.0520034595017566,NA,0.262925543930861,0.0663811523067996
"5","569","~1 ~ Shrub_500 + Species_Sali_Spp_v1_500 + Whitespruce_50 + 1",1.40598251004131,0.473723845870529,NA,NA,NA,NA,NA,NA,0.143448123223094,0.078876278245895,-0.321175190967471,0.127223604707346,NA,NA,NA,NA,-0.0951976495772784,0.117005788015407,-2.16999949871929,0.533015499898198,NA,NA,0,123.313578786967,325.803494876223,5,98,661.606989752445,1.15568634379781,0.0471069570163189,NA,0.310032500947179,0.101910170218702
"6","567","~1 ~ Shrub_500 + Species_Sali_Spp_v1_500 + SpeciesGroups_Broadleaf_Spp_v1_500 + 1",1.45565453971062,0.501021183910777,NA,NA,NA,NA,NA,NA,0.156859947040675,0.0803039816029312,-0.329834980146776,0.127261823809108,0.080542617096402,0.0875465954290466,NA,NA,NA,NA,-2.22336124406887,0.561256599015396,NA,NA,0,139.42705359892,325.817594847091,5,98,661.635189694183,1.18388628553521,0.0464474110113511,NA,0.356479911958531,0.101651703636342
"7","456","~1 ~ S500.VPD__2.3m_Grid.1x1m.mean + Shrub_500 + Species_Sali_Spp_v1_500 + 1",1.42155564865408,0.484267284284554,NA,NA,NA,NA,0.0732683884764161,0.093265934759472,0.166080903186211,0.0839411334362298,-0.311678620959814,0.126619573822972,NA,NA,NA,NA,NA,NA,-2.18634779712438,0.544346444478374,NA,NA,0,129.306919383758,325.915673133925,5,98,661.83134626785,1.38004285920226,0.042108197629151,NA,0.398588109587682,0.0998517709915173
"8","256","~1 ~ S500.VPD__100.150cm_Grid.1x1m.mean + Shrub_500 + Species_Sali_Spp_v1_500 + 1",1.41967449261013,0.480850186293486,0.061084502548816,0.0911714840610952,NA,NA,NA,NA,0.157298945945542,0.0815381708643044,-0.316099894600093,0.126438262348032,NA,NA,NA,NA,NA,NA,-2.18345161468806,0.540731539004616,NA,NA,0,127.339452202255,326.000652797022,5,98,662.001305594045,1.55000218539692,0.0386776833726635,NA,0.437265792960345,0.0982893084850263
"9","356","~1 ~ S500.VPD__150.200cm_Grid.1x1m.mean + Shrub_500 + Species_Sali_Spp_v1_500 + 1",1.41503747036438,0.478762001679753,NA,NA,0.045787733574446,0.0926923735305672,NA,NA,0.156798154739551,0.0836819801170018,-0.314972870630122,0.12657550358822,NA,NA,NA,NA,NA,NA,-2.1773049932025,0.538719118661318,NA,NA,0,126.632284733256,326.103334289961,5,98,662.206668579921,1.75536517127341,0.0349032966184838,NA,0.472169089578829,0.0963977558358322
"10","156","~Julian + 1 ~ Shrub_500 + Species_Sali_Spp_v1_500 + 1",1.41450697438895,0.481230962130541,NA,NA,NA,NA,NA,NA,0.141460163682884,0.0816461341492122,-0.315139183059362,0.127156892204512,NA,NA,NA,NA,NA,NA,-2.17564195113873,0.5417570061774,-0.00723579829868495,0.102193189007232,0,127.662517268423,326.223149741498,5,98,662.446299482995,1.99499607434745,0.0309621605716538,NA,0.503131250150483,0.0941855520606977
"11","69","~1 ~ Species_Sali_Spp_v1_500 + Whitespruce_50 + 1",1.42263267213055,0.470096783635897,NA,NA,NA,NA,NA,NA,NA,NA,-0.287254762136302,0.123067300836796,NA,NA,NA,NA,-0.0906864522452553,0.113615660756903,-2.17554795276002,0.529416649442042,NA,NA,0,119.990643736104,327.301318831897,4,98,662.602637663794,2.15133425514591,0.0286340549445574,NA,0.53176530509504,0.0740336153685779
"12","68","~1 ~ Species_Sali_Spp_v1_500 + Water_500 + 1",1.43677370221027,0.476222261539446,NA,NA,NA,NA,NA,NA,NA,NA,-0.25623517508867,0.12668820389221,NA,NA,-0.0809637582545372,0.106906812536993,NA,NA,-2.19035129267481,0.535804335227994,NA,NA,0,125.417921983689,327.380149626447,4,98,662.760299252894,2.30899584424628,0.026463487354997,NA,0.558228792450037,0.0725427293699101
"13","67","~1 ~ Species_Sali_Spp_v1_500 + SpeciesGroups_Broadleaf_Spp_v1_500 + 1",1.4547194927024,0.487386533481385,NA,NA,NA,NA,NA,NA,NA,NA,-0.288846365442283,0.12280888702636,0.0499831535829312,0.085733111248038,NA,NA,NA,NA,-2.20820025978406,0.54744606008287,NA,NA,0,129.661897542037,327.538791782987,4,98,663.077583565974,2.62628015732605,0.0225813374977627,NA,0.5808101299478,0.0695351322550614
"14","16","~Julian + 1 ~ Species_Sali_Spp_v1_500 + 1",1.45536578538846,0.486039293374848,NA,NA,NA,NA,NA,NA,NA,NA,-0.287398361943794,0.123721600451631,NA,NA,NA,NA,NA,NA,-2.21003796145182,0.545961090759265,-0.0445829151498894,0.0980252997765285,0,128.899057893442,327.602355286154,4,98,663.204710572308,2.75340716366088,0.021190655104397,NA,0.602000785052197,0.068327336660602
"15","26","~1 ~ S500.VPD__100.150cm_Grid.1x1m.mean + Species_Sali_Spp_v1_500 + 1",1.42965414255628,0.473064724664058,0.0187779732145262,0.0869856667158,NA,NA,NA,NA,NA,NA,-0.281107832398849,0.122544622803998,NA,NA,NA,NA,NA,NA,-2.18008446692198,0.532933723260459,NA,NA,0,121.575545087822,327.68131289451,4,98,663.36262578902,2.91132238037198,0.0195818414304739,NA,0.621582626482671,0.0668248479709272
"16","46","~1 ~ S500.VPD__2.3m_Grid.1x1m.mean + Species_Sali_Spp_v1_500 + 1",1.42898556972809,0.473102720918121,NA,NA,NA,NA,0.0147494400758179,0.0866815669766206,NA,NA,-0.279806693818364,0.122907573817762,NA,NA,NA,NA,NA,NA,-2.17918226173552,0.533015771135634,NA,NA,0,121.761479929083,327.690127452529,4,98,663.380254905059,2.92895149641129,0.0194099946424506,NA,0.640992621125121,0.0666569649830693
"17","36","~1 ~ S500.VPD__150.200cm_Grid.1x1m.mean + Species_Sali_Spp_v1_500 + 1",1.42523370079743,0.471002122611972,NA,NA,-0.00673033262450878,0.0867107784274765,NA,NA,NA,NA,-0.281590248256108,0.122830892205455,NA,NA,NA,NA,NA,NA,-2.17475857745767,0.530871237968505,NA,NA,0,120.272791802658,327.701592843843,4,98,663.403185687686,2.95188227903884,0.0191887223690214,NA,0.660181343494143,0.0664385487546735
"18","689","~1 ~ Species_Sali_Spp_v1_500 + Water_500 + Whitespruce_50 + 1",1.43245781211271,0.474807559240755,NA,NA,NA,NA,NA,NA,NA,NA,-0.265490673976912,0.127761254823681,NA,NA,-0.0661087222886943,0.109942414931013,-0.0747095532234259,0.111208820407064,-2.18794827992129,0.534066535645399,NA,NA,0,124.963493624705,327.10473983673,5,98,664.209479673459,3.7581762648116,0.012822170423407,NA,0.67300351391755,0.0777409807302725
"19","236","~1 ~ S500.VPD__100.150cm_Grid.1x1m.mean + S500.VPD__150.200cm_Grid.1x1m.mean + Species_Sali_Spp_v1_500 + 1",1.43564073054881,0.474598374485609,0.340965460892411,0.310134494056585,-0.337287701196974,0.315820303508791,NA,NA,NA,NA,-0.290691944077432,0.122842445844339,NA,NA,NA,NA,NA,NA,-2.19147365159867,0.533744583940171,NA,NA,0,133.239160555292,327.120104636742,5,98,664.240209273484,3.78890586483612,0.0126266661274907,NA,0.68563018004504,0.0774517450711196
"20","679","~1 ~ Species_Sali_Spp_v1_500 + SpeciesGroups_Broadleaf_Spp_v1_500 + Whitespruce_50 + 1",1.45077752321224,0.486148412894,NA,NA,NA,NA,NA,NA,NA,NA,-0.294478067156872,0.123146930912364,0.048530420218,0.0854904420000632,NA,NA,-0.0892645737570829,0.112788518998827,-2.20733013466692,0.545720502827912,NA,NA,0,129.168110979986,327.144058992755,5,98,664.288117985511,3.83681457686293,0.0123277963790846,NA,0.697957976424125,0.0770006338070829
"21","346","~1 ~ S500.VPD__150.200cm_Grid.1x1m.mean + S500.VPD__2.3m_Grid.1x1m.mean + Species_Sali_Spp_v1_500 + 1",1.43851011366278,0.483835906774869,NA,NA,-0.358250126227353,0.359752399643167,0.361270254208725,0.357764381477561,NA,NA,-0.259101016626627,0.124908840789192,NA,NA,NA,NA,NA,NA,-2.19333353226222,0.544051967414128,NA,NA,0,139.106798747926,327.190400328298,5,98,664.380800656595,3.92949724794767,0.0117695447937004,NA,0.709727521217825,0.0761273020555648
"22","169","~Julian + 1 ~ Species_Sali_Spp_v1_500 + Whitespruce_50 + 1",1.44824121441624,0.483543005132265,NA,NA,NA,NA,NA,NA,NA,NA,-0.292469578900218,0.123992645604251,NA,NA,NA,NA,-0.0883138774255385,0.113481282816351,-2.20548143949049,0.543037415876505,-0.0393301510663722,0.0982134509437001,0,127.672742299049,327.22195142615,5,98,664.4439028523,3.9925994436519,0.011403999731893,NA,0.721131520949718,0.0755322289026275
"23","678","~1 ~ Species_Sali_Spp_v1_500 + SpeciesGroups_Broadleaf_Spp_v1_500 + Water_500 + 1",1.46407844126665,0.49190656341383,NA,NA,NA,NA,NA,NA,NA,NA,-0.263222381283937,0.126964215760173,0.0474210957724309,0.0853423863137874,-0.0798510541324137,0.107765315645369,NA,NA,-2.22114190997406,0.551700364626259,NA,NA,0,134.640174823347,327.229296595889,5,98,664.458593191777,4.00728978312952,0.0113205422978911,NA,0.73245206324761,0.0753936394808832
"24","368","~1 ~ S500.VPD__150.200cm_Grid.1x1m.mean + Species_Sali_Spp_v1_500 + Water_500 + 1",1.43233510183597,0.474024995790867,NA,NA,-0.0490781360971935,0.0982937085491027,NA,NA,NA,NA,-0.249752063306105,0.127960106623462,NA,NA,-0.105380692209731,0.1178907127754,NA,NA,-2.18581145463428,0.533506963484684,NA,NA,0,124.420136053209,327.254956936708,5,98,664.509913873416,4.05861046476866,0.0110337486718657,NA,0.743485811919475,0.074909314424444
"25","168","~Julian + 1 ~ Species_Sali_Spp_v1_500 + Water_500 + 1",1.46827036182225,0.491950899352595,NA,NA,NA,NA,NA,NA,NA,NA,-0.262439431238652,0.127576007017727,NA,NA,-0.0822209054741612,0.106308300898377,NA,NA,-2.22722699501706,0.55154968222806,-0.0475244720850503,0.0976195988627979,0,134.728386306504,327.263089497675,5,98,664.52617899535,4.07487558670232,0.0109443799290332,NA,0.754430191848508,0.074755763796629
"26","369","~1 ~ S500.VPD__150.200cm_Grid.1x1m.mean + Species_Sali_Spp_v1_500 + Whitespruce_50 + 1",1.42060132996924,0.469390999029608,NA,NA,-0.0130912916378377,0.0876101265222722,NA,NA,NA,NA,-0.287931502918132,0.123272779493641,NA,NA,NA,NA,-0.092208803062708,0.114652806106692,-2.17330650305471,0.528724200037075,NA,NA,0,119.592920486033,327.290147878644,5,98,664.580295757288,4.12899234864085,0.0106522133307452,NA,0.765082405179254,0.074244691862221
"27","269","~1 ~ S500.VPD__100.150cm_Grid.1x1m.mean + Species_Sali_Spp_v1_500 + Whitespruce_50 + 1",1.42495329782974,0.471414287492815,0.01208861504181,0.0877307438074043,NA,NA,NA,NA,NA,NA,-0.287002957149152,0.122962025064088,NA,NA,NA,NA,-0.0892231322424274,0.11361161824253,-2.178298716078,0.530785466768571,NA,NA,0,120.886698287951,327.291830407549,5,98,664.583660815097,4.13235740644939,0.0106343057431632,NA,0.775716710922417,0.0742129033559636
"28","469","~1 ~ S500.VPD__2.3m_Grid.1x1m.mean + Species_Sali_Spp_v1_500 + Whitespruce_50 + 1",1.42458270235659,0.471461713508797,NA,NA,NA,NA,0.010096668414201,0.0875299022399885,NA,NA,-0.286146141043009,0.123350690860849,NA,NA,NA,NA,-0.0896941447358818,0.113475367668026,-2.17781675456344,0.530852042455822,NA,NA,0,121.090221215727,327.294667863451,5,98,664.589335726903,4.13803231825489,0.0106041741383268,NA,0.786320885060744,0.0741592920065505
"29","468","~1 ~ S500.VPD__2.3m_Grid.1x1m.mean + Species_Sali_Spp_v1_500 + Water_500 + 1",1.43360998013785,0.474312112549974,NA,NA,NA,NA,-0.0262833091262844,0.100683409464911,NA,NA,-0.254037910431582,0.127262455437646,NA,NA,-0.0952736556538496,0.120452418968348,NA,NA,-2.1868369767495,0.53383234990551,NA,NA,0,125.454119156685,327.345975694655,5,98,664.69195138931,4.24064798066263,0.0100738189890898,NA,0.796394704049833,0.0731893377708569
"30","268","~1 ~ S500.VPD__100.150cm_Grid.1x1m.mean + Species_Sali_Spp_v1_500 + Water_500 + 1",1.43495068130876,0.47551565842636,-0.0141535219881849,0.0968131661822903,NA,NA,NA,NA,NA,NA,-0.25406200850911,0.127729593129735,NA,NA,-0.087636518613159,0.11632444703527,NA,NA,-2.18822004610093,0.535139215471782,NA,NA,0,125.575144100825,327.369454895421,5,98,664.738909790842,4.2876063821941,0.00984004887742106,NA,0.806234752927255,0.0727451339347474
"31","58","~1 ~ Shrub_500 + Water_500 + 1",1.30731181377526,0.412330699290388,NA,NA,NA,NA,NA,NA,0.142273491060649,0.0789118028410558,NA,NA,NA,NA,-0.206377670688046,0.121458297100377,NA,NA,-2.03237165145055,0.470719039783313,NA,NA,0,90.0847448075058,328.385171430932,4,98,664.770342861863,4.3190394532154,0.00968660635073927,NA,0.815921359277994,0.053323553645488
"32","167","~Julian + 1 ~ Species_Sali_Spp_v1_500 + SpeciesGroups_Broadleaf_Spp_v1_500 + 1",1.48469362018221,0.502688107219277,NA,NA,NA,NA,NA,NA,NA,NA,-0.294708849814903,0.123680437649947,0.0502961705158018,0.0857385667449659,NA,NA,NA,NA,-2.24310752154207,0.562752268978608,-0.0446911332538555,0.0972924745253962,0,138.783119708552,327.434505936848,5,98,664.869011873696,4.41770846504824,0.00922031901082356,NA,0.825141678288817,0.0715133186025839
"33","267","~1 ~ S500.VPD__100.150cm_Grid.1x1m.mean + Species_Sali_Spp_v1_500 + SpeciesGroups_Broadleaf_Spp_v1_500 + 1",1.46415098020051,0.49250193410035,0.0310576482696751,0.0881130908300479,NA,NA,NA,NA,NA,NA,-0.28957062901565,0.122443528407785,0.0567823547763844,0.0875493852802015,NA,NA,NA,NA,-2.21939821857415,0.552623179551376,NA,NA,0,132.884778950341,327.476889269188,5,98,664.953778538376,4.50247512972794,0.00883769684230239,NA,0.83397937513112,0.070709861791875
"34","467","~1 ~ S500.VPD__2.3m_Grid.1x1m.mean + Species_Sali_Spp_v1_500 + SpeciesGroups_Broadleaf_Spp_v1_500 + 1",1.46390913223265,0.493162791780864,NA,NA,NA,NA,0.0281118230064543,0.0890175857499739,NA,NA,-0.286990298817713,0.122614664111442,0.056675098736483,0.0881770839785614,NA,NA,NA,NA,-2.21892714747229,0.553384033512339,NA,NA,0,133.488336897516,327.488950117669,5,98,664.977900235338,4.52659682669059,0.00873174692702323,NA,0.842711122058143,0.0704810983829784
"35","126","~Julian + 1 ~ S500.VPD__100.150cm_Grid.1x1m.mean + Species_Sali_Spp_v1_500 + 1",1.47044651948087,0.49388926557432,0.0339166702012469,0.0913987751600083,NA,NA,NA,NA,NA,NA,-0.288835335318802,0.123606044725951,NA,NA,NA,NA,NA,NA,-2.22791766316216,0.553924880483131,-0.05618441639748,0.102607883732115,0,133.778480096999,327.533518977426,5,98,665.067037954851,4.61573454620384,0.00835112780546237,NA,0.851062249863605,0.0696352525890775
"36","367","~1 ~ S500.VPD__150.200cm_Grid.1x1m.mean + Species_Sali_Spp_v1_500 + SpeciesGroups_Broadleaf_Spp_v1_500 + 1",1.45629795010104,0.488791459608629,NA,NA,0.00593121103557188,0.0892136673250325,NA,NA,NA,NA,-0.2888272583888,0.1227399456648,0.0514483601903213,0.0884883390968907,NA,NA,NA,NA,-2.21001000579998,0.548944611759877,NA,NA,0,130.505148908014,327.536581395133,5,98,665.073162790267,4.62185938161917,0.0083255922839654,NA,0.859387842147571,0.069577104537793
"37","146","~Julian + 1 ~ S500.VPD__2.3m_Grid.1x1m.mean + Species_Sali_Spp_v1_500 + 1",1.47068340856816,0.495060220662532,NA,NA,NA,NA,0.0317398851322848,0.0922662388789587,NA,NA,-0.286059539757608,0.123642446108678,NA,NA,NA,NA,NA,NA,-2.22799307110645,0.555226067518444,-0.0567529604597999,0.103945545682083,0,134.696409097039,327.543155617538,5,98,665.086311235076,4.63500782642848,0.00827103751272961,NA,0.8676588796603,0.0694522633663076
"38","136","~Julian + 1 ~ S500.VPD__150.200cm_Grid.1x1m.mean + Species_Sali_Spp_v1_500 + 1",1.45816001211844,0.488720262043625,NA,NA,0.00648672072844943,0.0915787058943311,NA,NA,NA,NA,-0.287474603529729,0.123693688652596,NA,NA,NA,NA,NA,NA,-2.21326133208624,0.548881708900338,-0.0469301246424782,0.103430665872981,0,130.487241467579,327.599848353185,5,98,665.199696706369,4.74839329772158,0.00781517393751653,NA,0.875474053597817,0.0683750015824338
"39","246","~1 ~ S500.VPD__100.150cm_Grid.1x1m.mean + S500.VPD__2.3m_Grid.1x1m.mean + Species_Sali_Spp_v1_500 + 1",1.42941573037671,0.472795997383638,0.0263182465617208,0.187056169590118,NA,NA,-0.00849621590428737,0.186718569785364,NA,NA,-0.281888406525327,0.123734894751892,NA,NA,NA,NA,NA,NA,-2.17984527816043,0.532636978244333,NA,NA,0,128.987043757865,327.68027800053,5,98,665.36055600106,4.90925259241237,0.00721121586614318,NA,0.88268526946396,0.0668445566882474
"40","8","~1 ~ Water_500 + 1",1.33812248472101,0.419584732903039,NA,NA,NA,NA,NA,NA,NA,NA,NA,NA,NA,NA,-0.163052449549034,0.115747932739115,NA,NA,-2.05457105350226,0.479051544305881,NA,NA,0,91.5705542468119,329.853431952545,3,98,665.706863905091,5.25556049644331,0.0060646911704745,NA,0.888749960634435,0.0245275931218136
"41","5","~1 ~ Shrub_500 + 1",1.26605350934958,0.390763514247472,NA,NA,NA,NA,NA,NA,0.105492768395541,0.07834532526021,NA,NA,NA,NA,NA,NA,NA,NA,-1.96836900702233,0.449660364100548,NA,NA,0,79.5677448341212,330.232094840412,3,98,666.464189680823,6.01288627217548,0.0041529575093382,NA,0.892902918143773,0.0169601214153197
"42","578","~1 ~ Shrub_500 + SpeciesGroups_Broadleaf_Spp_v1_500 + Water_500 + 1",1.32730413906383,0.422930598176414,NA,NA,NA,NA,NA,NA,0.150195142939401,0.0801756554569058,NA,NA,0.0493974438296704,0.0900780329784834,-0.214903553499333,0.124008595960795,NA,NA,-2.05586976618584,0.481678100640891,NA,NA,0,95.6247521259028,328.237888915995,5,98,666.47577783199,6.02447442334255,0.00412896453530931,NA,0.897031882679082,0.0561647689998219
"43","358","~1 ~ S500.VPD__150.200cm_Grid.1x1m.mean + Shrub_500 + Water_500 + 1",1.30417984546603,0.409927274732426,NA,NA,-0.0432809738581305,0.104830296380018,NA,NA,0.132879585859872,0.0820233023322272,NA,NA,NA,NA,-0.223791757350148,0.1282034410998,NA,NA,-2.02924289797972,0.468063169539126,NA,NA,0,89.5471972408156,328.298825030293,5,98,666.597650060586,6.14634665193876,0.00388487397100271,NA,0.900916756650085,0.0549902908740127
"44","589","~1 ~ Shrub_500 + Water_500 + Whitespruce_50 + 1",1.30432192136868,0.411406920953635,NA,NA,NA,NA,NA,NA,0.140166421801737,0.079034222059161,NA,NA,NA,NA,-0.201163255454135,0.122675710618739,-0.0415809005208031,0.107354182901551,-2.02987611439756,0.469664351044869,NA,NA,0,89.9541132567871,328.301430892967,5,98,666.602861785934,6.15155837728651,0.00387476370163692,NA,0.904791520351722,0.0549400330983125
"45","258","~1 ~ S500.VPD__100.150cm_Grid.1x1m.mean + Shrub_500 + Water_500 + 1",1.30625977344687,0.411702293787697,-0.021940496700141,0.101004310609329,NA,NA,NA,NA,0.138929304399565,0.0804406373337433,NA,NA,NA,NA,-0.214609196389648,0.126944483877565,NA,NA,-2.03106871866365,0.470049940404552,NA,NA,0,89.9085234325522,328.361579315501,5,98,666.723158631002,6.2718552223547,0.00364857345951291,NA,0.908440093811235,0.0537792418953115
"46","158","~Julian + 1 ~ Shrub_500 + Water_500 + 1",1.29971969252952,0.413074824308391,NA,NA,NA,NA,NA,NA,0.145205938683658,0.0814279182202507,NA,NA,NA,NA,-0.206219412431515,0.121543500745009,NA,NA,-2.02359462292291,0.472241587795222,0.0152538011178228,0.104569243319891,0,91.0622198682179,328.374487798009,5,98,666.748975596019,6.29767218737095,0.00360177858800114,NA,0.912041872399236,0.0535299381585639
"47","458","~1 ~ S500.VPD__2.3m_Grid.1x1m.mean + Shrub_500 + Water_500 + 1",1.30724124964481,0.412174495567063,NA,NA,NA,NA,-0.00513674931536723,0.109690218942018,0.14117249293046,0.0823412209998993,NA,NA,NA,NA,-0.208775229111353,0.131799072798681,NA,NA,-2.03224831299384,0.470552593787484,NA,NA,0,90.2940765877939,328.384075075701,5,98,666.768150151401,6.3168467427538,0.0035674123391139,NA,0.91560928473835,0.0533447349120737
"48","38","~1 ~ S500.VPD__150.200cm_Grid.1x1m.mean + Water_500 + 1",1.33455608852687,0.417783710241142,NA,NA,-0.082134188759803,0.0994758295913254,NA,NA,NA,NA,NA,NA,NA,NA,-0.201232170009652,0.124171847089272,NA,NA,-2.05243637035143,0.476862198301037,NA,NA,0,90.7518982014303,329.510719891582,4,98,667.021439783165,6.57013637451701,0.00314305633655631,NA,0.918752341074906,0.0313263643562273
"49","345","~1 ~ S500.VPD__150.200cm_Grid.1x1m.mean + S500.VPD__2.3m_Grid.1x1m.mean + Shrub_500 + 1",1.28767802460193,0.407904120381709,NA,NA,-0.560804642520568,0.362250238077569,0.625687053601448,0.362472066180233,0.133123481835807,0.0834102077482,NA,NA,NA,NA,NA,NA,NA,NA,-2.00701139152395,0.466431344037396,NA,NA,0,112.757519288458,328.654353351877,5,98,667.308706703755,6.85740329510713,0.00272253170638673,NA,0.921474872781293,0.0481086675588771
"50","28","~1 ~ S500.VPD__100.150cm_Grid.1x1m.mean + Water_500 + 1",1.33420374345656,0.417869101466605,-0.0503731891372893,0.097223207778685,NA,NA,NA,NA,NA,NA,NA,NA,NA,NA,-0.184653625662533,0.122536501316573,NA,NA,-2.05056722581305,0.477183780520576,NA,NA,0,90.9379158293888,329.718868730348,4,98,667.437737460696,6.98643405204803,0.00255243254415077,NA,0.924027305325444,0.0272027490208968
"51","89","~1 ~ Water_500 + Whitespruce_50 + 1",1.3337025881576,0.418169429272065,NA,NA,NA,NA,NA,NA,NA,NA,NA,NA,NA,NA,-0.157324506404857,0.117029609688174,-0.0506516284220485,0.107199739969213,-2.05088652442298,0.477446994134001,NA,NA,0,91.1590778786891,329.725528100668,4,98,667.451056201335,6.99975279268767,0.00253549142183406,NA,0.926562796747278,0.0270705315234878
"52","48","~1 ~ S500.VPD__2.3m_Grid.1x1m.mean + Water_500 + 1",1.33454861898025,0.417301095944227,NA,NA,NA,NA,-0.0511503819252224,0.10352740196188,NA,NA,NA,NA,NA,NA,-0.190327447840605,0.128287216675431,NA,NA,-2.05108434051059,0.476535744130932,NA,NA,0,90.8943470463408,329.730878185266,4,98,667.461756370531,7.0104529618834,0.00252196255080253,NA,0.92908475929808,0.026964296030766
"53","9","~1 ~ Whitespruce_50 + 1",1.29307208347494,0.398193006440258,NA,NA,NA,NA,NA,NA,NA,NA,NA,NA,NA,NA,NA,NA,-0.075647081418124,0.114654005759202,-1.99439183540079,0.457522757512889,NA,NA,0,80.6870330145077,330.804983905365,3,98,667.60996781073,7.15866440208288,0.00234182764251869,NA,0.931426586940599,0.00539934867703951
"54","78","~1 ~ SpeciesGroups_Broadleaf_Spp_v1_500 + Water_500 + 1",1.34786782234926,0.42573472636403,NA,NA,NA,NA,NA,NA,NA,NA,NA,NA,0.0217441084651735,0.08824614705079,-0.165438368413964,0.116681972135651,NA,NA,-2.06563621831777,0.485471190185593,NA,NA,0,94.5288371314159,329.823376131148,4,98,667.646752262296,7.1954488536486,0.00229914989224,NA,0.933725736832839,0.025125748927695
"55","18","~Julian + 1 ~ Water_500 + 1",1.35057815880666,0.426633978011074,NA,NA,NA,NA,NA,NA,NA,NA,NA,NA,NA,NA,-0.164359239037303,0.115764240479067,NA,NA,-2.06924409570586,0.486368801797975,-0.0240512543612259,0.100066991224592,0,94.9869042256169,329.82470993336,4,98,667.64941986672,7.19811645807283,0.00229608532524519,NA,0.936021822158084,0.0250992120474908
"56","34","~1 ~ S500.VPD__150.200cm_Grid.1x1m.mean + S500.VPD__2.3m_Grid.1x1m.mean + 1",1.32009080488845,0.416181160586965,NA,NA,-0.546703359184785,0.357047919289707,0.560561677822856,0.355232743090561,NA,NA,NA,NA,NA,NA,NA,NA,NA,NA,-2.03274526495504,0.475792262351851,NA,NA,0,99.7998510347041,329.828326115248,4,98,667.656652230495,7.20534882184768,0.00228779725769171,NA,0.938309619415776,0.0250272620747984
"57","45","~1 ~ S500.VPD__2.3m_Grid.1x1m.mean + Shrub_500 + 1",1.27399666666809,0.396447496968897,NA,NA,NA,NA,0.0826101995938688,0.0962616210320704,0.132152723454968,0.0837981257903453,NA,NA,NA,NA,NA,NA,NA,NA,-1.98133606926595,0.455425815171091,NA,NA,0,83.3253299294468,329.861649005942,4,98,667.723298011883,7.27199460323584,0.00221281744981171,NA,0.940522436865587,0.0243639975917785
"58","348","~1 ~ S500.VPD__150.200cm_Grid.1x1m.mean + S500.VPD__2.3m_Grid.1x1m.mean + Water_500 + 1",1.34540678033579,0.427520953683424,NA,NA,-0.458780788743086,0.36126235089638,0.406877684132025,0.373312587206465,NA,NA,NA,NA,NA,NA,-0.160538188930852,0.126955227775992,NA,NA,-2.06926759456206,0.486688295459644,NA,NA,0,104.958241184994,328.918281343657,5,98,667.836562687314,7.38525927866601,0.00209098287391647,NA,0.942613419739504,0.0429676760381599
"59","59","~1 ~ Shrub_500 + Whitespruce_50 + 1",1.26174285770424,0.389567172627862,NA,NA,NA,NA,NA,NA,0.104982927133149,0.0781654947209117,NA,NA,NA,NA,NA,NA,-0.0766793905874927,0.117135862289859,-1.96611903319235,0.4480776693017,NA,NA,0,79.2194345244042,329.970939038207,4,98,667.941878076414,7.49057466776594,0.00198372528783629,NA,0.94459714502734,0.0221855018802956
"60","4","~1 ~ S500.VPD__2.3m_Grid.1x1m.mean + 1",1.30382097321767,0.403085979266377,NA,NA,NA,NA,0.0310992262589161,0.0885685997889493,NA,NA,NA,NA,NA,NA,NA,NA,NA,NA,-2.0047633463092,0.462980146702636,NA,NA,0,82.8417784279807,331.008633132227,3,98,668.017266264454,7.56596285580667,0.00191034230153196,NA,0.946507487328872,0.00125708038352434
"61","238","~1 ~ S500.VPD__100.150cm_Grid.1x1m.mean + S500.VPD__150.200cm_Grid.1x1m.mean + Water_500 + 1",1.34300389281258,0.420785880582719,0.317104987287883,0.326378306416864,-0.395858956629172,0.340940269583585,NA,NA,NA,NA,NA,NA,NA,NA,-0.211590170475496,0.126336527095999,NA,NA,-2.06675760363655,0.479379499375582,NA,NA,0,99.57306567762,329.053615780405,5,98,668.10723156081,7.65592815216189,0.00182631411930709,NA,0.948333801448179,0.0403207687541076
"62","2","~1 ~ S500.VPD__100.150cm_Grid.1x1m.mean + 1",1.30035298714405,0.401060009627237,0.0154742620546424,0.0881254526893695,NA,NA,NA,NA,NA,NA,NA,NA,NA,NA,NA,NA,NA,NA,-2.00035061750268,0.460880817334242,NA,NA,0,81.8509012669965,331.054852561909,3,98,668.109705123818,7.65840171517073,0.00182405676399847,NA,0.950157858212178,0.000314568017984795
"63","7","~1 ~ SpeciesGroups_Broadleaf_Spp_v1_500 + 1",1.30250312337866,0.403187025385486,NA,NA,NA,NA,NA,NA,NA,NA,NA,NA,0.0126792562394278,0.0900154655421808,NA,NA,NA,NA,-2.00239829575015,0.463059824129633,NA,NA,0,82.6964540260082,331.060401309278,3,98,668.120802618557,7.66949920990896,0.0018139635620383,NA,0.951971821774216,0.000201357487514486
"64","1","~Julian + 1 ~ 1",1.30393554590703,0.404340766390618,NA,NA,NA,NA,NA,NA,NA,NA,NA,NA,NA,NA,NA,NA,NA,NA,-2.00443197468073,0.464480969593044,-0.0138275266293268,0.101492827996209,0,83.2647264179389,331.061004871592,3,98,668.122009743183,7.67070633453545,0.00181286905233029,NA,0.953784690826546,0.000189042293678998
"65","3","~1 ~ S500.VPD__150.200cm_Grid.1x1m.mean + 1",1.29687614204233,0.399485063786701,NA,NA,-0.00365450658535208,0.088178630798092,NA,NA,NA,NA,NA,NA,NA,NA,NA,NA,NA,NA,-1.99608156726092,0.459238402374269,NA,NA,0,81.0690683444686,331.069411476029,3,98,668.138822952057,7.68751954340951,0.00179769285881538,NA,0.955582383685362,1.74966554996603e-05
"66","25","~1 ~ S500.VPD__100.150cm_Grid.1x1m.mean + Shrub_500 + 1",1.27154678320068,0.393663320727003,0.0504036972168424,0.0928623190971437,NA,NA,NA,NA,0.11783260550584,0.0812247541139309,NA,NA,NA,NA,NA,NA,NA,NA,-1.97642198758032,0.452621756705246,NA,NA,0,81.5023872759829,330.084426494084,4,98,668.168852988169,7.71754957952089,0.00177090210325207,NA,0.957353285788614,0.0199181899255647
"67","35","~1 ~ S500.VPD__150.200cm_Grid.1x1m.mean + Shrub_500 + 1",1.26866133794331,0.392495006076958,NA,NA,0.0398508967527767,0.0950188527751289,NA,NA,0.117921451920516,0.0835516163607309,NA,NA,NA,NA,NA,NA,NA,NA,-1.9724651409415,0.451450727113707,NA,NA,0,82.0003857313221,330.143921034379,4,98,668.287842068758,7.83653866011002,0.00166861599832251,NA,0.959021901786936,0.0187274770677949
"68","57","~1 ~ Shrub_500 + SpeciesGroups_Broadleaf_Spp_v1_500 + 1",1.27650110075172,0.396468569886956,NA,NA,NA,NA,NA,NA,0.109504935729149,0.0791770403051629,NA,NA,0.0307296713165332,0.0918558407762021,NA,NA,NA,NA,-1.98027473627213,0.455594309434774,NA,NA,0,82.4143059431282,330.176785560846,4,98,668.353571121691,7.90226771304344,0.00161466904962902,NA,0.960636570836565,0.0180691122919799
"69","15","~Julian + 1 ~ Shrub_500 + 1",1.25635932109515,0.390997882653173,NA,NA,NA,NA,NA,NA,0.109560743867558,0.0812729171337853,NA,NA,NA,NA,NA,NA,NA,NA,-1.95709546439009,0.450750596141007,0.02002080427169,0.106543207469896,0,80.3771301638657,330.214349497864,4,98,668.428698995727,7.97739558707963,0.00155514078082629,NA,0.962191711617392,0.0173160647015516
"70","389","~1 ~ S500.VPD__150.200cm_Grid.1x1m.mean + Water_500 + Whitespruce_50 + 1",1.3305946698846,0.416620885215195,NA,NA,-0.0807652982300953,0.0993259050689459,NA,NA,NA,NA,NA,NA,NA,NA,-0.195180765817392,0.125457181790197,-0.0488457162507308,0.107483771570103,-2.04917364230955,0.475542032905601,NA,NA,0,90.4599290544612,329.393143286446,5,98,668.786286572892,8.33498316424425,0.0013005305378383,NA,0.96349224215523,0.0336479321511782
"71","349","~1 ~ S500.VPD__150.200cm_Grid.1x1m.mean + S500.VPD__2.3m_Grid.1x1m.mean + Whitespruce_50 + 1",1.31546928919171,0.414849857967395,NA,NA,-0.567128557837942,0.356230402028693,0.577507683938704,0.354574774982967,NA,NA,NA,NA,NA,NA,NA,NA,-0.0842240869518845,0.112890992115956,-2.03056962606892,0.474035639612639,NA,NA,0,98.4050468221809,329.480544068674,5,98,668.961088137347,8.50978472869974,0.00119168885277351,NA,0.964683931008003,0.0319227220168465
"72","378","~1 ~ S500.VPD__150.200cm_Grid.1x1m.mean + SpeciesGroups_Broadleaf_Spp_v1_500 + Water_500 + 1",1.33601382177163,0.42059759785715,NA,NA,-0.0811936432230337,0.103165957762377,NA,NA,NA,NA,NA,NA,0.00312672098203467,0.0915906464143134,-0.201130212288638,0.124268326220036,NA,NA,-2.05406372756127,0.479887442028027,NA,NA,0,92.0821892619726,329.510137835088,5,98,669.020275670177,8.56897226152932,0.00115693901658875,NA,0.965840870024592,0.0313378708752335
"73","138","~Julian + 1 ~ S500.VPD__150.200cm_Grid.1x1m.mean + Water_500 + 1",1.33419847809626,0.420791296968854,NA,NA,-0.0823465327217856,0.104050474891376,NA,NA,NA,NA,NA,NA,NA,NA,-0.20128984657134,0.124450013560641,NA,NA,-2.05201714965563,0.480511140667628,0.000731306107081921,0.105043031179123,0,92.1746405271243,329.510695669839,5,98,669.021391339679,8.57008793103103,0.00115629381577513,NA,0.966997163840367,0.0313268431921058
"74","289","~1 ~ S500.VPD__100.150cm_Grid.1x1m.mean + Water_500 + Whitespruce_50 + 1",1.32991668383594,0.416531489423897,-0.0499197708003263,0.0969819436021037,NA,NA,NA,NA,NA,NA,NA,NA,NA,NA,-0.178770976070396,0.123744153922862,-0.0504069659366438,0.107366468290942,-2.04701436739933,0.475664630534525,NA,NA,0,90.573947915206,329.592714344565,5,98,669.18542868913,8.73412528048232,0.00106524117521519,NA,0.968062405015582,0.029704071379964
"75","489","~1 ~ S500.VPD__2.3m_Grid.1x1m.mean + Water_500 + Whitespruce_50 + 1",1.33070387483859,0.416202531384506,NA,NA,NA,NA,-0.048235040262292,0.103512086077592,NA,NA,NA,NA,NA,NA,-0.183435346490684,0.129749700771012,-0.0482029484778305,0.107439088020975,-2.04794946097376,0.475281058838432,NA,NA,0,90.632056867481,329.616501784,5,98,669.233003568,8.78170015935211,0.0010402008189847,NA,0.969102605834567,0.0292329191567994
"76","459","~1 ~ S500.VPD__2.3m_Grid.1x1m.mean + Shrub_500 + Whitespruce_50 + 1",1.27006983336972,0.39516227799422,NA,NA,NA,NA,0.0787550044828613,0.0967854185248167,0.129891748516974,0.0835755975746035,NA,NA,NA,NA,NA,NA,-0.0696582819911823,0.11431675497964,-1.97900022048219,0.453809424024643,NA,NA,0,82.8087689270883,329.638571000961,5,98,669.277142001922,8.82583859327406,0.00101749586325514,NA,0.970120101697822,0.0287955947758448
"77","457","~1 ~ S500.VPD__2.3m_Grid.1x1m.mean + Shrub_500 + SpeciesGroups_Broadleaf_Spp_v1_500 + 1",1.29692899883002,0.408565559084287,NA,NA,NA,NA,0.100679422461034,0.100438412158637,0.145340782645741,0.0860916766597769,NA,NA,0.0594925823520028,0.0956950749177812,NA,NA,NA,NA,-2.00828411415281,0.468007457745398,NA,NA,0,89.1395047192938,329.672363505038,5,98,669.344727010076,8.89342360142837,0.000983686597292623,NA,0.971103788295115,0.0281255795050497
"78","789","~1 ~ SpeciesGroups_Broadleaf_Spp_v1_500 + Water_500 + Whitespruce_50 + 1",1.34337484238777,0.424341765197303,NA,NA,NA,NA,NA,NA,NA,NA,NA,NA,0.021149829478828,0.0881998360564369,-0.159851895403783,0.117963924501245,-0.0502602091368757,0.106964147953016,-2.06185980601292,0.483902323190882,NA,NA,0,94.1215939526391,329.697084526084,5,98,669.394169052168,8.94286564352012,0.000959666978217196,NA,0.972063455273332,0.0276351348185195
"79","189","~Julian + 1 ~ Water_500 + Whitespruce_50 + 1",1.34376444300539,0.4245549455655,NA,NA,NA,NA,NA,NA,NA,NA,NA,NA,NA,NA,-0.158537278486939,0.117100840502376,-0.0488214058383937,0.10735206171982,-2.06268750740569,0.48417550594635,-0.0194261542081,0.100586328767865,0,94.2464004766331,329.706959723078,5,98,669.413919446157,8.96261603750895,0.000950236717236794,NA,0.973013691990569,0.0274391498745078
"80","278","~1 ~ S500.VPD__100.150cm_Grid.1x1m.mean + SpeciesGroups_Broadleaf_Spp_v1_500 + Water_500 + 1",1.33983316690115,0.422537419496425,-0.0472464300099716,0.0997917611606491,NA,NA,NA,NA,NA,NA,NA,NA,0.0118916702146832,0.0910159527238171,-0.184592700554605,0.122769119533135,NA,NA,-2.05691948105522,0.482136286470248,NA,NA,0,93.2154952571248,329.710379205016,5,98,669.420758410031,8.96945500138384,0.00094699294910991,NA,0.973960684939679,0.0273712770111663
"81","128","~Julian + 1 ~ S500.VPD__100.150cm_Grid.1x1m.mean + Water_500 + 1",1.33965398548902,0.423071415776263,-0.0475840033769364,0.101064616792662,NA,NA,NA,NA,NA,NA,NA,NA,NA,NA,-0.184036196206441,0.122678917073951,NA,NA,-2.0569765247606,0.482942959808576,-0.0105916414577449,0.104250687372138,0,93.4317078857235,329.713724785513,5,98,669.427449571026,8.97614616237877,0.000943830001865652,NA,0.974904514941545,0.0273048664238882
"82","248","~1 ~ S500.VPD__100.150cm_Grid.1x1m.mean + S500.VPD__2.3m_Grid.1x1m.mean + Water_500 + 1",1.33409287509225,0.417546662085062,-0.0346554503179389,0.191001310923023,NA,NA,-0.019378788734937,0.203115687395341,NA,NA,NA,NA,NA,NA,-0.188231975000926,0.128354276325521,NA,NA,-2.0505150406861,0.476822811180642,NA,NA,0,97.0242758501351,329.714320792769,5,98,669.428641585538,8.97733817689061,0.000943267639938725,NA,0.975847782581483,0.027293035058925
"83","478","~1 ~ S500.VPD__2.3m_Grid.1x1m.mean + SpeciesGroups_Broadleaf_Spp_v1_500 + Water_500 + 1",1.33875904692829,0.421284500728691,NA,NA,NA,NA,-0.0477255278395751,0.107255884997792,NA,NA,NA,NA,0.0109518006351274,0.0915965086813571,-0.189700975839814,0.128598100371543,NA,NA,-2.05581085505226,0.480784661896096,NA,NA,0,92.8945558330212,329.723735641585,5,98,669.44747128317,8.99616787452226,0.000934428592155666,NA,0.976782211173639,0.0271061214085021
"84","148","~Julian + 1 ~ S500.VPD__2.3m_Grid.1x1m.mean + Water_500 + 1",1.33890148850424,0.422344773396251,NA,NA,NA,NA,-0.0482596873313972,0.109679409893819,NA,NA,NA,NA,NA,NA,-0.189246120773792,0.128965570006996,NA,NA,-2.05619339032451,0.482186793936039,-0.00849309811403189,0.106261932899416,0,93.3153170770666,329.72768863619,5,98,669.455377272379,9.00407386373149,0.000930742092130317,NA,0.977712953265769,0.0270276316251206
"85","23","~1 ~ S500.VPD__100.150cm_Grid.1x1m.mean + S500.VPD__150.200cm_Grid.1x1m.mean + 1",1.30278771773834,0.401256818408133,0.272465414214051,0.326714461507638,-0.268656173117318,0.33205753816323,NA,NA,NA,NA,NA,NA,NA,NA,NA,NA,NA,NA,-2.00623981815311,0.460629185964606,NA,NA,0,93.8482672543587,330.731368145978,4,98,669.462736291955,9.01143288330775,0.00092732371033347,NA,0.978640276976103,0.00689247744375643
"86","49","~1 ~ S500.VPD__2.3m_Grid.1x1m.mean + Whitespruce_50 + 1",1.29893294280016,0.401505997387312,NA,NA,NA,NA,0.0282968920786664,0.0891700988859672,NA,NA,NA,NA,NA,NA,NA,NA,-0.0734753841738283,0.113643314165734,-2.0016587073018,0.461026475228163,NA,NA,0,82.3388884881754,330.754675103918,4,98,669.509350207835,9.05804679918765,0.000905960537956322,NA,0.979546237514059,0.00641999130235071
"87","245","~1 ~ S500.VPD__100.150cm_Grid.1x1m.mean + S500.VPD__2.3m_Grid.1x1m.mean + Shrub_500 + 1",1.27127956233836,0.396538880055362,-0.0873021352475364,0.198322608524983,NA,NA,0.161030007524141,0.201972140650704,0.136164168553241,0.0843593918761562,NA,NA,NA,NA,NA,NA,NA,NA,-1.97889404966726,0.455489957817555,NA,NA,0,101.097243874653,329.763315614958,5,98,669.526631229915,9.07532782126771,0.0008981662975286,NA,0.980444403811588,0.0263199444667515
"88","134","~Julian + 1 ~ S500.VPD__150.200cm_Grid.1x1m.mean + S500.VPD__2.3m_Grid.1x1m.mean + 1",1.34087208701485,0.427576477991592,NA,NA,-0.553189787621063,0.358017456055192,0.577331986714644,0.359211992274341,NA,NA,NA,NA,NA,NA,NA,NA,NA,NA,-2.05744702391803,0.487649067060067,-0.0363231608386563,0.106608307211505,0,111.135980764748,329.770740137237,5,98,669.541480274474,9.09017686582649,0.000891522535739648,NA,0.981335926347327,0.0261724004468861
"89","178","~Julian + 1 ~ SpeciesGroups_Broadleaf_Spp_v1_500 + Water_500 + 1",1.36076359879387,0.433073146498705,NA,NA,NA,NA,NA,NA,NA,NA,NA,NA,0.02205742574828,0.0883351862936991,-0.166783313831872,0.116700632049048,NA,NA,-2.08079101508349,0.493072300334983,-0.0243217621788666,0.099798760969272,0,98.1439396187846,329.793844275988,5,98,669.587688551975,9.13638514332774,0.000871160801295357,NA,0.982207087148623,0.0257131197692418
"90","79","~1 ~ SpeciesGroups_Broadleaf_Spp_v1_500 + Whitespruce_50 + 1",1.2974590496359,0.401674762637344,NA,NA,NA,NA,NA,NA,NA,NA,NA,NA,0.0108463107171361,0.0899101360717769,NA,NA,-0.0752292907713949,0.114529207761816,-1.99926790556953,0.461160243613205,NA,NA,0,82.198054918151,330.797745088727,4,98,669.595490177455,9.14418676880734,0.000867769185473018,NA,0.983074856334096,0.00554627112514783
"91","29","~1 ~ S500.VPD__100.150cm_Grid.1x1m.mean + Whitespruce_50 + 1",1.29511989943735,0.399434403575737,0.0103838112560671,0.0887434934474081,NA,NA,NA,NA,NA,NA,NA,NA,NA,NA,NA,NA,-0.0744921482458751,0.114663442859915,-1.996869565983,0.458877736666433,NA,NA,0,81.3208989534151,330.798141735809,4,98,669.596283471618,9.14498006296992,0.000867425055611932,NA,0.983942281389708,0.00553822115034097
"92","39","~1 ~ S500.VPD__150.200cm_Grid.1x1m.mean + Whitespruce_50 + 1",1.29169691253865,0.397889525847937,NA,NA,-0.00821595492286159,0.0888793418219728,NA,NA,NA,NA,NA,NA,NA,NA,NA,NA,-0.0764785597433765,0.115354348006782,-1.99280881498627,0.457245813797074,NA,NA,0,80.5401708893911,330.800711189052,4,98,669.601422378104,9.15011896945612,0.000865199108447884,NA,0.984807480498155,0.00548607237403209
"93","19","~Julian + 1 ~ Whitespruce_50 + 1",1.29735103630014,0.402471583999605,NA,NA,NA,NA,NA,NA,NA,NA,NA,NA,NA,NA,NA,NA,-0.0750488168310724,0.114791987011549,-1.99944660140219,0.462304017647874,-0.00883208564391378,0.101777407923251,0,82.6125843584449,330.801226196987,4,98,669.602452393974,9.15114898532602,0.000864753638761779,NA,0.985672234136917,0.00547561961371024
"94","347","~1 ~ S500.VPD__150.200cm_Grid.1x1m.mean + S500.VPD__2.3m_Grid.1x1m.mean + SpeciesGroups_Broadleaf_Spp_v1_500 + 1",1.32820723507171,0.422186939321747,NA,NA,-0.54178890911194,0.356414066860363,0.559683579648996,0.353673018766344,NA,NA,NA,NA,0.0165009565256783,0.0927872882171722,NA,NA,NA,NA,-2.04181067168502,0.482078440101799,NA,NA,0,108.081445023469,329.812621015239,5,98,669.625242030478,9.17393862183053,0.000854955856204186,NA,0.986527189993121,0.0253397027027175
"95","259","~1 ~ S500.VPD__100.150cm_Grid.1x1m.mean + Shrub_500 + Whitespruce_50 + 1",1.26717465500495,0.392342265292745,0.0443382643898886,0.0934965137585892,NA,NA,NA,NA,0.115574110505328,0.0810313017539411,NA,NA,NA,NA,NA,NA,-0.071108418499296,0.115988853720826,-1.97362388114224,0.45096313706965,NA,NA,0,81.0075883716376,329.858352787469,5,98,669.716705574939,9.26540216629132,0.0008167377608657,NA,0.987343927753987,0.0244296261886975
"96","145","~Julian + 1 ~ S500.VPD__2.3m_Grid.1x1m.mean + Shrub_500 + 1",1.27643114983059,0.401851861413764,NA,NA,NA,NA,0.083676216276387,0.0998559083797207,0.131590995011595,0.0849453416896475,NA,NA,NA,NA,NA,NA,NA,NA,-1.98419890643182,0.461706907447478,-0.00442815811220084,0.110027782598694,0,88.379765746831,329.860840041666,5,98,669.721680083331,9.27037667468358,0.000814708850696494,NA,0.988158636604684,0.0243801046970317
"97","359","~1 ~ S500.VPD__150.200cm_Grid.1x1m.mean + Shrub_500 + Whitespruce_50 + 1",1.26437544874006,0.39116936070711,NA,NA,0.0341996584937676,0.0956700216077477,NA,NA,0.115428780866336,0.0833087543553967,NA,NA,NA,NA,NA,NA,-0.0728079530184755,0.116290649986467,-1.96990540556451,0.44976460365471,NA,NA,0,81.4073727265073,329.9069518997,5,98,669.813903799399,9.36260039075171,0.000777994109624306,NA,0.988936630714308,0.0234615573348156
"98","579","~1 ~ Shrub_500 + SpeciesGroups_Broadleaf_Spp_v1_500 + Whitespruce_50 + 1",1.27169725612936,0.395114012108015,NA,NA,NA,NA,NA,NA,0.108655191747657,0.0789813237841719,NA,NA,0.0285139908320232,0.0917479399559696,NA,NA,-0.0754634992507835,0.116768206923585,-1.97738086038353,0.453856362854154,NA,NA,0,81.9785614266559,329.923164649115,5,98,669.84632929823,9.39502588958192,0.000765482384868732,NA,0.989702113099177,0.0231383942204895
"99","159","~Julian + 1 ~ Shrub_500 + Whitespruce_50 + 1",1.24965817008426,0.389070529573477,NA,NA,NA,NA,NA,NA,0.110009402444318,0.0810302060824743,NA,NA,NA,NA,NA,NA,-0.0783124649882051,0.117614616642295,-1.95210083986305,0.448482628952205,0.0250784092466467,0.106773786550806,0,79.757774161697,329.943172083306,5,98,669.886344166612,9.43504075796454,0.000750319240050511,NA,0.990452432339227,0.0227394455472298
"100","24","~1 ~ S500.VPD__100.150cm_Grid.1x1m.mean + S500.VPD__2.3m_Grid.1x1m.mean + 1",1.30326095554909,0.403554911352229,-0.056858002089077,0.193520408053232,NA,NA,0.081578665136808,0.192908925689203,NA,NA,NA,NA,NA,NA,NA,NA,NA,NA,-2.00430389111029,0.463481611942855,NA,NA,0,91.0217685157233,330.965075211006,4,98,669.930150422012,9.47884701336477,0.000734063576733194,NA,0.99118649591596,0.00214450559475843
"101","257","~1 ~ S500.VPD__100.150cm_Grid.1x1m.mean + Shrub_500 + SpeciesGroups_Broadleaf_Spp_v1_500 + 1",1.28804475739023,0.402384510708283,0.0603960834541875,0.0943914360579704,NA,NA,NA,NA,0.125908557187333,0.0826478991737612,NA,NA,0.0447051633247366,0.0937705806984138,NA,NA,NA,NA,-1.99553433008363,0.461680577604072,NA,NA,0,85.7257245604978,329.972772400286,5,98,669.945544800572,9.49424139192445,0.00072843504018457,NA,0.991914930956145,0.0221489157260297
"102","14","~Julian + 1 ~ S500.VPD__2.3m_Grid.1x1m.mean + 1",1.31975114861696,0.412722553737847,NA,NA,NA,NA,0.039080949767462,0.0936898428899609,NA,NA,NA,NA,NA,NA,NA,NA,NA,NA,-2.02367892039208,0.473187573241921,-0.0282306581493382,0.106841834421826,0,87.2871125519224,330.97395055403,4,98,669.94790110806,9.49659769941252,0.000727577337066971,NA,0.992642508293212,0.00196374820866074
"103","47","~1 ~ S500.VPD__2.3m_Grid.1x1m.mean + SpeciesGroups_Broadleaf_Spp_v1_500 + 1",1.31340612599478,0.409370841435018,NA,NA,NA,NA,0.0360997492693973,0.0911177649224292,NA,NA,NA,NA,0.0214404385350121,0.092463184064545,NA,NA,NA,NA,-2.01560490166617,0.469574544585149,NA,NA,0,85.7095249074581,330.981975307029,4,98,669.963950614059,9.51264720541133,0.000721762072885319,NA,0.993364270366097,0.00180028595847159
"104","235","~1 ~ S500.VPD__100.150cm_Grid.1x1m.mean + S500.VPD__150.200cm_Grid.1x1m.mean + Shrub_500 + 1",1.27612054779435,0.394835789216303,0.178285835821042,0.340478804751158,-0.136717767523903,0.351941594684754,NA,NA,0.106535514708694,0.0861749976604472,NA,NA,NA,NA,NA,NA,NA,NA,-1.98233311161624,0.453703570372178,NA,NA,0,103.046770436581,330.009360500308,5,98,670.018721000617,9.56741759196893,0.000702264667613376,NA,0.994066535033711,0.0214184856415438
"105","357","~1 ~ S500.VPD__150.200cm_Grid.1x1m.mean + Shrub_500 + SpeciesGroups_Broadleaf_Spp_v1_500 + 1",1.28514190789038,0.401301698573083,NA,NA,0.0528526847552373,0.0986536870190931,NA,NA,0.127710647884197,0.0857559919841479,NA,NA,0.0453028728362349,0.0954747835882106,NA,NA,NA,NA,-1.99158572913887,0.460622985104838,NA,NA,0,86.1854216009739,330.033155153449,5,98,670.066310306898,9.61500689824993,0.000685751761972374,NA,0.994752286795683,0.020943166003194
"106","12","~Julian + 1 ~ S500.VPD__100.150cm_Grid.1x1m.mean + 1",1.31138697838789,0.408536398289111,0.0204671357544977,0.0918676545497325,NA,NA,NA,NA,NA,NA,NA,NA,NA,NA,NA,NA,NA,NA,-2.01345042560291,0.468937218440518,-0.0204407477779629,0.105552868571163,0,85.2544156362528,331.03619072101,4,98,670.07238144202,9.62107803337278,0.000683673272462256,NA,0.995435960068145,0.000695229616599291
"107","27","~1 ~ S500.VPD__100.150cm_Grid.1x1m.mean + SpeciesGroups_Broadleaf_Spp_v1_500 + 1",1.3074945748337,0.406030910842494,0.0187027591630631,0.089671582642148,NA,NA,NA,NA,NA,NA,NA,NA,0.0165464658413374,0.0917061405445215,NA,NA,NA,NA,-2.00839876226627,0.466097323873629,NA,NA,0,84.0757621091338,331.038688446408,4,98,670.077376892816,9.62607348416816,0.000681967775184504,NA,0.99611792784333,0.000644289769224815
"108","17","~Julian + 1 ~ SpeciesGroups_Broadleaf_Spp_v1_500 + 1",1.309518202047,0.408386259431385,NA,NA,NA,NA,NA,NA,NA,NA,NA,NA,0.0128756454054535,0.0900799513395607,NA,NA,NA,NA,-2.01069807139555,0.468696997729093,-0.0140376313634171,0.101350706088504,0,85.0614406936926,331.050847568464,4,98,670.101695136928,9.65039172828006,0.000673725854570304,NA,0.9967916536979,0.000396273527887625
"109","37","~1 ~ S500.VPD__150.200cm_Grid.1x1m.mean + SpeciesGroups_Broadleaf_Spp_v1_500 + 1",1.30229139137619,0.40377081674989,NA,NA,-0.000848928355398324,0.0905461258296805,NA,NA,NA,NA,NA,NA,0.0124792374433261,0.0925066238890941,NA,NA,NA,NA,-2.0021548711614,0.463751078670585,NA,NA,0,82.9490124915002,331.060357643233,4,98,670.120715286467,9.66941187781924,0.000667349041364971,NA,0.997459002739265,0.00020224845145167
"110","13","~Julian + 1 ~ S500.VPD__150.200cm_Grid.1x1m.mean + 1",1.30413157518696,0.405657390645484,NA,NA,-4.5622521479138e-05,0.0924811780630502,NA,NA,NA,NA,NA,NA,NA,NA,NA,NA,NA,NA,-2.00467388012437,0.466051070502485,-0.0138200100035476,0.106413558654098,0,83.8585909230336,331.061004582186,4,98,670.122009164372,9.67070575572404,0.000666917446897955,NA,0.998125920186163,0.000189048198801278
"111","125","~Julian + 1 ~ S500.VPD__100.150cm_Grid.1x1m.mean + Shrub_500 + 1",1.26293330936769,0.393946960596945,0.0492089043095553,0.095626542831676,NA,NA,NA,NA,0.119747806363779,0.0829192018870014,NA,NA,NA,NA,NA,NA,NA,NA,-1.96752076270378,0.453527251975608,0.00661053768475757,0.109397434158895,0,83.2502215007273,330.082641464052,5,98,670.165282928103,9.71397951945562,0.000652642423290457,NA,0.998778562609453,0.0199538928561734
"112","135","~Julian + 1 ~ S500.VPD__150.200cm_Grid.1x1m.mean + Shrub_500 + 1",1.26367487163994,0.394901354710298,NA,NA,0.0377287741726941,0.0979929559714813,NA,NA,0.119221960222047,0.0848541580066193,NA,NA,NA,NA,NA,NA,NA,NA,-1.96662138793275,0.454771514542103,0.00966551902138484,0.109705495840593,0,85.5930328430844,330.140030340571,5,98,670.280060681143,9.82875727249518,0.000616242473627018,NA,0.99939480508308,0.0188053888914853
"113","157","~Julian + 1 ~ Shrub_500 + SpeciesGroups_Broadleaf_Spp_v1_500 + 1",1.26653048267055,0.396563315048593,NA,NA,NA,NA,NA,NA,0.113691187396895,0.08208362226952,NA,NA,0.0309650989991225,0.0917971910167372,NA,NA,NA,NA,-1.96868046183638,0.456548122332055,0.0204739850715434,0.106233390149142,0,83.2800182763596,330.158120269803,5,98,670.316240539606,9.86493713095797,0.000605194916919563,NA,1,0.018443082403222
