"","SS","mean_MaxHeight","mean_MeanHeight","mean_PercCanopyCoverCut0.1m","mean_PercCanopyCoverCut0.5m","mean_PercCanopyCoverCut1.0m","mean_PercCanopyCoverCut1.5m","mean_PercCanopyDensity","sd_MaxHeight","sd_MeanHeight","sd_PercCanopyCoverCut0.1m","sd_PercCanopyCoverCut0.5m","sd_PercCanopyCoverCut1.0m","sd_PercCanopyCoverCut1.5m","sd_PercCanopyDensity","cv_MaxHeight","cv_MeanHeight","cv_PercCanopyCoverCut0.1m","cv_PercCanopyCoverCut0.5m","cv_PercCanopyCoverCut1.0m","cv_PercCanopyCoverCut1.5m","cv_PercCanopyDensity","kurtosis_MaxHeight","kurtosis_MeanHeight","kurtosis_PercCanopyCoverCut0.1m","kurtosis_PercCanopyCoverCut0.5m","kurtosis_PercCanopyCoverCut1.0m","kurtosis_PercCanopyCoverCut1.5m","kurtosis_PercCanopyDensity","skewness_MaxHeight","skewness_MeanHeight","skewness_PercCanopyCoverCut0.1m","skewness_PercCanopyCoverCut0.5m","skewness_PercCanopyCoverCut1.0m","skewness_PercCanopyCoverCut1.5m","skewness_PercCanopyDensity","strata_00_to_02_returnProportion","strata_02_to_04_returnProportion","strata_04_to_06_returnProportion","strata_06_to_08_returnProportion","strata_08_to_10_returnProportion","strata_10_to_15_returnProportion","strata_15_to_20_returnProportion","strata_20_above_returnProportion"
"1","BG_15_1",11.3671760565323,7.8608875078475,81.2129798043401,72.5835699875074,70.2561737155145,68.477640329879,79.0946527230837,7.00843705995493,5.32839689577985,27.182650801224,33.2872061765923,34.9573443052897,35.9898604321745,24.6932564364864,61.6550410154637,67.7836553501182,33.4708206332448,45.860524885069,49.7569714611005,52.5570978479978,31.2198809734197,1.90929973475456,2.00098460517728,5.16429149164595,2.93572905213857,2.58924286720559,2.36908526136515,4.77163648706421,-0.127542028664666,0.110996928821521,-1.73716898676165,-1.13029472254171,-1.01264641852534,-0.925324109986852,-1.51397842167202,0.273185021429132,0.103624087364001,0.0657308636485394,0.0742934637529288,0.0926158112493311,0.168909880222484,0.182507215206059,0.039133664899393
"2","BG_15_10",9.65592983657635,6.70684256904565,73.7889740188729,67.615153274657,66.6116450171004,65.7517983062228,71.6256485844277,5.21847051152012,4.06720913187574,33.8473943914626,37.034360665703,37.2976069899288,37.5508914837818,29.0881183472489,54.0442049584155,60.6426808144758,45.8705312568861,54.7722793961098,55.992622581763,57.1100600304463,40.6113158095339,2.18402122328575,2.03773796912418,3.06237049567813,2.23824626744164,2.15807320550243,2.08250393816661,3.10584528428809,-0.613674116225988,-0.170263588943577,-1.20592991825678,-0.874082254444791,-0.828271156558428,-0.785409931890685,-1.0410276316685,0.250083361009642,0.0803120685926183,0.0962425747978161,0.105408392158781,0.13237150280191,0.248470077723572,0.0871120311080642,0
"3","BG_15_100",7.41823753020147,4.4944997888002,78.7691667556796,63.4093789416571,59.4403889853035,56.7372287123152,77.2285429122172,4.39725922898289,3.17023003378993,22.8490592524075,30.6344985182746,32.661144489556,33.9434182548457,22.2864119557877,59.2763336450278,70.535770002477,29.0076183277131,48.3122513255671,54.9477300655476,59.8256542048521,28.8577397881504,1.88610692019798,2.05627894500916,4.54329860407162,2.35272676332152,2.01522093393242,1.83608674558543,4.39440976860154,-0.115383643826961,0.287469092259719,-1.43713270202969,-0.742939008114736,-0.595704427995146,-0.503828483447521,-1.34666251534023,0.394235084573188,0.126863247914909,0.117411384119998,0.1222536409206,0.113710519107442,0.114558399101638,0.0109677325020727,0
"4","BG_15_11",5.24655497202144,2.83374706445556,62.6613820442723,43.0328688397521,39.9129042070478,37.6993322765478,62.0005332842206,4.30908546125732,2.94402485181451,25.8208567281763,31.1162356900339,31.5764392313245,31.8290559734531,25.0649919134138,82.1317127950931,103.891588940389,41.2069697248825,72.3080671333025,79.1133590969027,84.4286995323084,40.4270585843379,2.99858197381779,4.10578576266383,2.20250821433485,1.75256156526152,1.76731307398067,1.79764235265508,2.25707905510789,0.958534608779126,1.39064558820787,-0.455854543808289,0.158218172605608,0.279191327246701,0.366476406851853,-0.471745380500329,0.55920450802364,0.185425811970291,0.0856710192883206,0.0556773120566577,0.046329680085169,0.0560154958963214,0.0116611770620634,1.5000410421909e-05
"5","BG_15_12",5.85603948281708,3.16945904683628,70.2344786613256,52.0141052215722,48.6956726272451,46.4301131387819,69.7030555455093,3.6843140054143,2.51620635332135,25.0308306542253,31.520299138501,32.1618870295694,32.4395701975896,24.4654290825414,62.9147739905937,79.3891423154055,35.6389498880247,60.5995220031745,66.0467045516789,69.8675234768999,35.0995073186825,2.33873835442544,3.1164099623979,2.85519882328866,1.78113401517732,1.69091707671171,1.64957322190835,2.89932951488263,0.281998702773372,0.835397840293664,-0.863570666856555,-0.254594115134172,-0.142987234278325,-0.0636810446279975,-0.861979821096743,0.475758817048867,0.178117519579692,0.138000541633895,0.105286723281677,0.0626721721945332,0.0380976991403633,0.0020665325457697,0
"6","BG_15_13",10.0148785954215,5.71345098346434,78.2723821951858,62.881973375465,58.796511508203,55.6980025207323,77.6659413988746,7.23594123821543,5.01161448960196,22.7630112136351,31.3543439875993,32.6000364936212,33.2640031971899,22.207409451661,72.2519116859138,87.716066946341,29.0817917830476,49.8622137705256,55.4455284121288,59.7220756432121,28.5934980657851,2.12746058512331,3.06390750771401,3.95751908036801,2.20774056911068,1.95556788088103,1.8048266491185,3.97121414123092,0.467959926561997,0.920584864146938,-1.2835228789075,-0.672147610754192,-0.523661167728135,-0.40975510525848,-1.26143912816262,0.420809300891416,0.141272616150869,0.0855084707227752,0.0677943396630527,0.0557607943552581,0.0886091903403879,0.09145204846416,0.0487932442557929
"7","BG_15_14",10.2304157297516,5.86288272807629,71.474992169201,57.0584410512839,54.2821883979815,52.3740698489674,70.5875370935683,6.44948710050568,4.59535420966108,25.1911779095515,31.0755828526035,31.6345821878458,31.8868558227386,24.3425256054637,63.042277761495,78.380455874629,35.2447438537902,54.4627267763466,58.2780155359804,60.882906206624,34.4855857106846,2.00219000978246,2.59098676672825,3.06765177611984,2.02097427087446,1.89725546684932,1.82614386909065,3.07054686158499,0.106030267677131,0.640911936900549,-0.963568046291334,-0.487261861300818,-0.399637057142637,-0.340997708662125,-0.925618235892637,0.397380333285692,0.111220266846836,0.0863270597359888,0.0816810443543886,0.0721499375123009,0.116742318727922,0.11073955787458,0.0237594876676259
"8","BG_15_15",8.70499087788237,4.741197907,69.5597764392522,51.9019648851861,48.9398188994737,47.1933045477624,68.9904144281207,5.95189772922633,4.08479945895452,25.1340453586618,31.5328684216572,31.9830256526484,32.1321793768615,24.350687000552,68.3733942139894,86.1554303169594,36.1330162994584,60.7546717959754,65.351745004092,68.0863094559141,35.2957540585908,2.1992328481297,3.23794252932811,2.77297932040967,1.81807821384174,1.72926636048557,1.69080333145602,2.82279695190491,0.310288117773685,0.921623620208496,-0.829602384413406,-0.285249400573965,-0.188449654183843,-0.129630861190352,-0.817237634493347,0.456087792956771,0.120802246764657,0.090877401042265,0.0790259605930207,0.070063760943189,0.105600729055985,0.0638991394649639,0.0136429747102342
"9","BG_15_16",8.49200814734401,4.74541024193895,70.1068128021726,52.3964761303833,48.970090510117,46.9735011758199,69.4390620648397,6.28893448609443,4.34929617685802,25.426853692353,32.0901201210091,32.9049967431077,33.1754259504815,24.687337353596,74.0570943524281,91.6526908131113,36.268734344125,61.2448059315211,67.1940696869033,70.6258318414614,35.5525213323646,2.22256283502843,3.37149175223562,2.9115676543885,1.77245480726357,1.66538967420733,1.62176509998303,2.95705254043685,0.457997231424939,1.02093477920259,-0.888728865151683,-0.282386741060093,-0.1755821233457,-0.109536439698706,-0.873065977493258,0.464096137830922,0.124070382817607,0.0927067018417904,0.0754613711370518,0.0632115160092989,0.0869717074543794,0.078162022140755,0.015320166122024
"10","BG_15_17",6.51762523717102,3.59672457170364,60.8418135176303,43.6607568064274,40.4998825650216,38.4115334382875,60.385159114141,5.51522718179911,3.6936482942192,29.1125965418186,32.3318038082669,32.4377855514424,32.3773678028399,28.4490294326808,84.620194949917,102.694777444959,47.84965282697,74.0523210617074,80.0935298994123,84.2907452649809,47.112618149943,2.39832113221191,3.89779578725972,2.11654194230642,1.66806837011418,1.66101401174977,1.67652892475083,2.15458531687653,0.651375760041546,1.22414747417392,-0.508792083301351,0.053789734267676,0.161885549798908,0.236822944818273,-0.505537023585883,0.534350819073193,0.139242921419404,0.0861290822149022,0.063790552353404,0.0489942729801251,0.0784904853847852,0.0447829510205134,0.00421892086664153
"11","BG_15_18",0.105886783984584,0.0911250545235286,9.09473291161411,0.0159008542080492,0.00017054902573869,8.95382412236162e-05,9.09473291161411,0.088098634589985,0.0680653569797251,11.0384408178325,0.521622709576478,0.0320287040908413,0.0237505986616516,11.0384408178325,83.2007841533944,74.6944485637049,121.371797556982,3280.46973295578,18779.7637377974,26525.6479656954,121.371797556982,8.63835826957317,2.47706708846525,12.8107894711391,4452.55400510748,35528.557958654,70359.0000142126,12.8107894711391,0.854900977255552,-0.106150612557695,2.44160932557934,57.491197916541,188.256989136499,265.250824719194,2.44160932557934,0.999995766120749,4.23387956687904e-06,0,0,0,0,0,0
"12","BG_15_19",8.37288804597692,4.88771565971278,76.7036143108075,58.4447941468399,54.9132083516088,52.5587918858293,75.5434742805323,6.42129926897324,4.55599686614691,22.3250611342805,31.6994017364348,33.016550454426,33.5791689033781,21.6662861230777,76.6915696676322,93.2132141748737,29.1056182096166,54.2381955470515,60.12497074114,63.8887761657847,28.6805529258815,2.38263394382878,3.01992308264711,3.77981166571527,1.98515250528574,1.80327469264808,1.70338071319566,3.80931826308396,0.694828610898518,1.00593010943359,-1.19654628371727,-0.517740891660935,-0.404550424174809,-0.318415531747197,-1.16291540451353,0.449508483848232,0.144256971857005,0.104705920236578,0.0758968680878155,0.0494907725158986,0.057898508442906,0.0987063721799811,0.0195361078322154
"13","BG_15_2",4.54215871062639,2.74281778448305,66.3669843592609,47.6798001804699,44.5507736191034,42.2765554225172,66.645857501732,3.59008371113977,2.52688303018531,31.1152512849463,35.8722779473976,36.1519720338947,36.1640433511438,29.5018177735754,79.0391516426046,92.1272657804923,46.8836298429829,75.2357975738566,81.1477985612189,85.5416033537165,44.2665439075621,2.16354013484142,3.42118089650832,2.35821143056969,1.57538456097683,1.5622913987139,1.58018871876727,2.44402959537756,0.418025705800524,0.981872916673559,-0.720147753098436,-0.0199028221446603,0.0961063671212596,0.183703528710881,-0.716869568454633,0.519039129349784,0.172594018832067,0.13021619949231,0.0951703235533657,0.0553109778825965,0.0270326501672088,0.00063670857197907,0
"14","BG_15_20",10.1560271615971,6.54946215892961,83.9781241651336,75.6928433620756,74.2589814300398,72.9864393494021,80.8777747486889,5.05599410740611,3.79180466949403,19.4791648421413,26.0708476618753,26.989345742846,27.6883624564636,18.8762180875214,49.7831881202949,57.8949015580499,23.1955226861673,34.4429492986091,36.3448908443122,37.9363107767366,23.3391907061926,2.63601328864881,2.57983447709314,6.54061432130326,4.28138555013941,3.96374298400115,3.70676770656769,5.90359829778767,0.215924252999118,0.338330700614789,-1.88566206411734,-1.42621066334597,-1.3468164148502,-1.27467838462483,-1.65492998252161,0.230330705405352,0.131843631629786,0.138814122969782,0.133436676532148,0.124016942617703,0.149878858496219,0.0818116579056091,0.00986741051758254
"15","BG_15_21",7.71370123050847,4.68157476146733,72.0034417546239,54.7551888262944,51.5081383235048,49.2273206771322,71.0431517481079,6.14153304291321,4.48211673896511,27.0357931533294,33.5339431616223,34.7980014879571,35.5610985622487,26.1451258659704,79.6184977792868,95.7395100438446,37.5479178418485,61.2434070276071,67.5582589869642,72.2385416738068,36.8017538955354,2.07986028909726,2.99538835921375,2.99938871317696,1.70748427775691,1.57645388410551,1.5069636769095,3.05795410679857,0.493105632299225,0.932835097961453,-0.999225171135006,-0.308002237583659,-0.19705088215245,-0.118644720364261,-0.982967615350747,0.472086181920459,0.128392055252896,0.07378232922305,0.0624936309268173,0.0646411289206071,0.117283691927664,0.0724186633101689,0.00890232539819628
"16","BG_15_22",5.7698602351454,3.33950643654081,71.1419139480874,51.8783957798388,48.5092346588175,46.1291257402924,70.6358749100504,4.6767319730234,3.33265171772514,26.8975134630171,33.1314111670929,33.9151936990625,34.3985534765224,26.3009933329809,81.0545105501252,99.7947385655359,37.8082511002507,63.8635999996912,69.9149222567621,74.570139634093,37.2346111186041,3.95220830867209,5.32522593296645,2.82686108192647,1.68101276922973,1.5964596712667,1.55687383047371,2.86803372153444,1.05856121736995,1.51444088175569,-0.912921433099231,-0.20076788537865,-0.084931662527132,0.00107168195426632,-0.910798984921589,0.506628666867321,0.173139951890218,0.11068865425055,0.0773785506866008,0.0528682514095403,0.0530031597531666,0.021536081455623,0.0047566915884254
"17","BG_15_23",10.5835870713437,6.09970434389872,78.238589611214,62.3939213154862,58.9503182564249,56.3022180961945,77.727214585954,7.47870011715842,5.10680412791868,22.7132572097154,31.0549124517359,32.0209179128886,32.5368725382602,21.9688392860526,70.6631888295025,83.7221583211126,29.0307600412826,49.772336466418,54.3184818334696,57.7896815409113,28.264024901804,2.00343304597946,2.68799251571507,4.10929049534197,2.27545615852761,2.06104614461659,1.92333925929206,4.0808551110484,0.360506881599501,0.776429414867468,-1.30312169465436,-0.689433836783847,-0.575120231848069,-0.484232116505579,-1.26058775706522,0.406088333774717,0.129636360031599,0.0822579395011424,0.0687078835971193,0.0592071765705417,0.0968355090599747,0.10044848731492,0.0568183185421361
"18","BG_15_24",5.75690255974872,2.98060432855482,72.0371268492134,47.9405488343771,43.6451831583256,41.1540132606294,71.9621982960574,4.27071685889609,2.69906590263801,24.6944683124048,32.0528183108609,32.7107804500244,32.8566399035599,24.2070582676662,74.1842825125478,90.5543173503569,34.2801960495936,66.8595147327069,74.9470573450548,79.8382400653806,33.6385753087708,2.12069899585447,3.39298134452889,3.0302453511329,1.68014099394395,1.60364322936865,1.59021895568623,3.06645477775618,0.379536372962482,0.992852927152997,-0.934363566887552,-0.130529707386354,0.0119529544996487,0.100907146127405,-0.933641094360482,0.557909352116968,0.134864067445609,0.101437436486381,0.0815990021043583,0.0636831252907168,0.0539252441601279,0.00658144903560626,3.30831693105537e-07
"19","BG_15_26",6.77807958709224,3.8691445754827,72.5927301901404,48.4410029434217,44.3006874856053,41.4649639021812,71.949361958445,6.50738779353852,4.46474136755171,24.5236194502495,33.9826108948962,34.7614090916065,35.1465203885663,23.9509110035576,96.0063644860527,115.39350056452,33.7824729639116,70.1525749468635,78.466974362196,84.7619703021553,33.2885662243824,2.49528824650543,3.74852028352557,2.94211834563949,1.60638971260969,1.56526826876428,1.56522887997631,2.95563518278531,0.901806820908585,1.33216911591831,-0.891746553357037,-0.0306838707716134,0.105469447787068,0.212832627664657,-0.873231904411994,0.570860115501171,0.129978966565021,0.0676170065938985,0.0459380990146597,0.0348283716240338,0.0612167616942213,0.0780001165283758,0.0115605686662473
"20","BG_15_27",3.24468159425839,1.64171240415693,62.9521273227877,27.7698045939715,22.799338439508,20.6590559661515,62.9835594548352,4.48050844149981,2.67070908989965,30.5048146179558,31.1823433041859,30.3487785525904,29.5766693949751,30.284853521537,138.087769518842,162.67825492073,48.4571624744975,112.288666629492,133.112540230555,143.165638562743,48.0837440495149,6.32470350386348,10.4474698315348,2.23976569283758,2.35969073607173,2.83133109309045,3.14995304675176,2.26525985277613,1.95643118418329,2.64841476760109,-0.678158687503756,0.842279385358551,1.09647853472459,1.22849350346282,-0.688572475315163,0.772490057664037,0.0927401671561653,0.0494878805743805,0.0260972439784619,0.0147418516670547,0.0215239372629625,0.0218237021014473,0.00109516382194955
"21","BG_15_28",3.2632741829603,1.77658876827455,62.5604894391582,25.4665086930266,21.702771249032,19.9898585251036,62.5180760955453,5.2078535511582,3.25329630229032,29.0374137032043,33.1805052073173,32.1798615986247,31.5267671097475,28.8298365054484,159.589824794736,183.120391189345,46.4149401059977,130.29075012706,148.275357231441,157.713808080011,46.1144013155304,7.08209970114482,10.2066229152727,2.00249159660695,2.55262132718271,3.04157362538319,3.35752860501615,2.01880961738385,2.18366328973399,2.69872624924715,-0.459254624256003,1.01825874940462,1.23824531860431,1.35803666435601,-0.47194568792815,0.795642088539842,0.0750808852295517,0.0361203865541242,0.0212675914015756,0.0165517076752754,0.0222677819280471,0.0239379658880431,0.0091315962528068
"22","BG_15_29",10.3560003386912,6.19851308609547,83.3250728405421,68.2606733365315,65.0493718716056,63.018646165761,82.4581312704127,6.53420527862826,4.79479964507359,21.0251873897328,31.6527211120237,33.3275584926663,34.1101276919048,20.3413929603398,63.0958387884143,77.3540295628205,25.2327260847025,46.3703616809827,51.2342510523364,54.127039800543,24.6687532775055,1.79159988141202,2.46184802970982,5.56802142841709,2.60877186337744,2.29248967139878,2.12540268062836,5.55683653201841,-0.0021518828605317,0.568069058319687,-1.72210245489924,-0.934836640977525,-0.80709975126044,-0.725841775595001,-1.67773253766045,0.37402477124965,0.128747107334492,0.0810142795985689,0.0695697478781951,0.0642968041926871,0.124398648908361,0.139425390167849,0.0185232584817636
"23","BG_15_3",12.2968203536529,7.94678128333856,76.142404944447,64.4554947250649,61.1888443487539,59.1296570812152,76.9474552575529,7.84483045890935,5.85059794255665,30.8392796544312,36.8495906225855,37.89055298453,38.3472482511235,26.5571334005118,63.7956010846246,73.622234385929,40.5021087486419,57.1705962071465,61.9239558906651,64.852816918003,34.5133355113846,1.7400647348851,1.94050286963454,3.64445596856063,2.00030698343398,1.78171692930633,1.67799637379358,3.90384774836207,-0.318441441485525,0.193390102769982,-1.34138103995948,-0.703670678000873,-0.567289139715836,-0.486573301744525,-1.29481906641842,0.343456976184465,0.0850207677693951,0.0512689010264152,0.0448550741963267,0.051189967821321,0.14022357680402,0.226948235039115,0.0570365081925476
"24","BG_15_30",16.3297860069563,10.5289992935341,90.8043570389082,81.5303126009169,79.4655594670633,78.1446583496696,88.8768665908738,6.87493425450298,5.2305515467116,14.0091490360304,23.1487202467214,24.3356498498648,24.8857916657576,13.8333175775485,42.1005777514435,49.6775752461462,15.4278379285564,28.3927774937307,30.6241471312505,31.845800072991,15.5645873984591,2.547103542298,2.23157466715422,12.6710423698862,6.7533808705243,6.03680422225522,5.62565029478396,10.4843212607323,-0.731639474476497,-0.299774134271489,-2.80749038672866,-2.00046189314982,-1.85844563359022,-1.76655468106932,-2.37918899585772,0.240786930307551,0.0859877263793738,0.0500785732025056,0.0510990724496581,0.0578932955169147,0.125282734153142,0.218478057575405,0.170393617926056
"25","BG_15_31",11.653874751778,7.45205647694099,80.0432756718793,66.9221039720305,64.5877510784107,63.2520654917465,78.0722497077636,6.53752755119795,4.92327029929041,21.4982498838586,29.0660904279227,30.5885801836991,31.4019497288278,20.4051560253269,56.0974584886504,66.0659284390095,26.8582834765361,43.4327205852203,47.359723280292,49.6457301191616,26.1362470041616,1.88675454454987,1.97162673486346,5.3212826055608,2.92645592647473,2.63190771389785,2.47789131715538,5.0926275320045,-0.290619027611898,0.104688711153521,-1.6166385820163,-0.978886828225318,-0.891281440660886,-0.840464214482969,-1.48220440251208,0.32607985591734,0.08554298552669,0.0703064948318006,0.0716983012141573,0.0783167770314531,0.15026155974437,0.195924738503932,0.0218692949901844
"26","BG_15_32",14.1186682543723,9.17948734058429,82.0115320198437,71.8240146851385,70.916357312708,70.3930088934441,79.3892261843041,6.19286786388686,4.92276156772977,19.4174161757359,25.4123978511016,25.9659900305033,26.3119238597883,18.3555853191735,43.8629745547639,53.6278485397032,23.6764461015527,35.381477855985,36.6149517748147,37.3786037468827,23.1210029388126,2.57737269514661,2.37839966332831,6.21222228672996,4.00975452452716,3.84988783635848,3.75449850332772,5.62039245926487,-0.298910211520604,0.0441419615893819,-1.77819982345952,-1.27026823742141,-1.23254595865748,-1.21143545234176,-1.54751272561111,0.245389854098695,0.0624053924544571,0.0677553828723025,0.0737380635198197,0.0905660329531505,0.188749623587991,0.182851015252045,0.088544642626246
"27","BG_15_33",13.5566088969095,8.98934573544505,83.8580421256554,71.5508218660906,69.607139593362,68.3880831495558,81.6243527873602,7.57991248873573,5.87847837036433,18.5476294141397,27.9242880156576,29.2572712957065,29.9736536124688,17.8969302071877,55.9130424605206,65.3938400342691,22.1178898815064,39.0272079165194,42.0319976752739,43.8287669898867,21.9259689002509,1.78557347709807,1.81323541600358,6.41160166203905,3.51166027222553,3.21963377399031,3.040215255726,6.00745931864807,-0.216288988435577,0.0475952644829988,-1.82287880139935,-1.21732811405003,-1.13913083107237,-1.08550390026431,-1.6525040783404,0.286244348799655,0.0916152962342533,0.0660475559762426,0.0591775692574281,0.0623331873877956,0.126247204725648,0.199508978153516,0.108825866726812
"28","BG_15_34",4.8574156170922,2.45249639302576,66.0400381460877,43.5619521487432,40.2666529595692,38.0449511587409,65.9285457165782,3.54937593527642,2.28759561765152,25.5050743050827,28.8857490281817,29.0389218121112,29.0353638086973,25.0728253337621,73.0712834781306,93.2762072212142,38.6206232174832,66.3095834859528,72.1165522281391,76.3185729626739,38.0303024452386,4.08636990840074,6.75064968762892,2.57461095505487,1.8122126658197,1.7921130282919,1.80179077049795,2.60856313029586,0.990731119708315,1.73639772112364,-0.696415853684473,-0.0094718891986098,0.105276759690227,0.187169027500261,-0.698928361353802,0.560730238213569,0.206324817433251,0.116058086344718,0.0563394730005006,0.0271369368660138,0.0257515927855912,0.00763465109249082,2.42125809014751e-05
"29","BG_15_35",11.1074790699537,6.41614098500443,70.6234024666578,56.0264368850344,53.1518114142908,51.3272191819712,69.7710110219946,7.90039869276573,5.55502143412838,26.3341461584769,33.3894795344998,34.1087810570825,34.3552578907806,25.468539358134,71.1268384393063,86.5788555318745,37.28813005138,59.5959361167561,64.172377477829,66.9337993336057,36.5030389915166,1.85707155296145,2.45334670218331,2.68238457293834,1.78256016433004,1.67554510125904,1.6218967387883,2.7170580813504,0.211009367615263,0.679222334968823,-0.854973624941138,-0.402236928349766,-0.312930569042668,-0.253975486463508,-0.830945416745901,0.423805716856115,0.10793323575613,0.0721099409006438,0.0604053875555934,0.0515693557539908,0.094051994344012,0.129984233748751,0.0601401402596251
"30","BG_15_36",13.0672372479645,7.37946456336249,74.0498429461439,60.372199702531,58.0253232045817,56.5446795459734,73.3253260392451,7.50734400909228,5.38120473700085,23.7320058707924,31.0797378178806,31.9302071235154,32.321226653979,22.7607893423961,57.4516545971623,72.9213439646748,32.0486917008759,51.480214355313,55.0280556145083,57.1605090231351,31.0408293721245,1.79326940791971,2.01488186441674,3.26615442902031,2.12638162376321,2.00264083381288,1.92513415053635,3.31123357039966,-0.293360373946204,0.321474389145062,-1.05480249560258,-0.617030538942239,-0.551484023587581,-0.503430253484353,-1.02808881634585,0.372284134966059,0.0954743979259367,0.0707020808532132,0.0603088830669334,0.0535736459669374,0.1040983156615,0.180699380376374,0.062859166209623
"31","BG_15_37",3.22287589061132,1.53347662461243,48.8886319615094,26.3748627378221,23.2439877105574,21.2029247712618,48.8103746622632,3.49727571242332,2.03145225286182,27.2688237050313,28.2667205829722,27.6472009174363,27.0926585720022,26.9434684255703,108.514129340549,132.473636719128,55.7774325256235,107.172958069796,118.943450072807,127.777930942449,55.2002901268469,4.87640183309629,8.23217456260882,1.9142393352327,2.46000165420537,2.75698680753483,3.03084014749055,1.92457927112654,1.52205702018577,2.22103643125804,0.0206883685463805,0.840324793753577,1.00296240462007,1.12801086876945,0.00232140397596503,0.742172508284896,0.132994389917436,0.052577078849082,0.0297843710170518,0.0199232035818893,0.0199392004013655,0.00260925114639961,0
"32","BG_15_38",4.22772881627622,2.05676432327332,64.8314895714808,34.7636921483433,30.7129013745952,28.3799716871519,65.0593959201898,4.19695713213509,2.45551168787917,25.423805770306,31.099322455833,30.8524323128846,30.3768084621929,24.9754306170098,99.2721462166005,119.387119860736,39.2152115250639,89.4592045146593,100.454307252146,107.036077403647,38.3886604905584,3.56290705313047,6.28719927328427,2.32320035335443,1.85854193413324,1.99049806792744,2.12820429435529,2.35841240154526,1.15339569220999,1.82187353830972,-0.526535430789756,0.438551739313852,0.590050019066308,0.694162261873413,-0.537448845925731,0.688913515689423,0.12660743557237,0.0729391726004541,0.0421297092273375,0.0257465456692341,0.032523083568813,0.0111405436276184,0
"33","BG_15_39",6.1971534300615,3.33776333303615,67.3767633078375,46.0386433536421,43.1008883705839,41.4659654697952,67.4258522930367,5.00176870822933,3.24252953623736,28.8651037978906,34.8289339364743,35.1468665434807,35.1680988854459,28.1431462916634,80.7107450973614,97.146778027783,42.8413333926549,75.6515209819253,81.5455733563678,84.8119620199443,41.7394001478122,1.97081610477297,3.16216838852468,2.35141734078169,1.5243076850094,1.50156017223614,1.50577422206767,2.41427532000677,0.386254542197321,0.971879561497906,-0.723916645452973,-0.0201552778578299,0.0770253778291736,0.138199150480112,-0.734096054828802,0.545377887409317,0.118420158732935,0.0939120484284667,0.0772269772369706,0.0635719949957155,0.0802707410893334,0.0211971444162942,2.30542640081248e-05
"34","BG_15_4",6.11638420495783,3.89175197553356,63.38605548033,46.1751744556477,43.8353884881026,42.2776717281497,63.6660771796699,5.44452895806684,4.04100757255553,32.6222073420823,37.1977938905853,37.3917419818013,37.4249460654795,30.2501411005789,89.01548325976,103.835177523139,51.4659053870384,80.5579931837933,85.3003549676532,88.5217764737052,47.5137505570054,2.1907888614045,3.34037194476091,2.10629858138247,1.51653544554316,1.5207002037579,1.53897431782164,2.22386485985168,0.598805381149794,1.09140151130236,-0.578657575867913,0.0664441042537494,0.153122367364127,0.217612259880889,-0.567936743248913,0.490879534408115,0.127432307602992,0.0968499692036642,0.0779603076179203,0.0589783397275219,0.0927783761592335,0.0549202153071743,0.000200958002067898
"35","BG_15_40",8.906329585399,5.32586003555897,74.4098374401628,58.0495861915422,56.1681081665702,55.0149556253581,73.812252218747,6.22430201780034,4.48344557634245,27.0198117482625,34.6632545020128,35.2283041680709,35.5177194912314,25.9755641979776,69.8862753519075,84.1825648140956,36.3121499492465,59.7131810511739,62.7194066490525,64.5601165855711,35.1913990119112,2.11123056567794,2.84922505816456,3.28728737867125,1.82410806776948,1.72967761486823,1.67647014007697,3.39137290853663,0.249790459344368,0.740866081168859,-1.14606499368228,-0.511864436157571,-0.443442474364251,-0.398366287635096,-1.14954882703419,0.405342406538396,0.11067741165189,0.0955767607401489,0.0866790783937334,0.0822566031690638,0.12220514021659,0.0861372432781528,0.0111253632753395
"36","BG_15_41",3.53482943870331,2.00865539693123,54.4912887076,28.7642339656302,24.9404314465697,22.8923525132558,54.114266500724,4.59992487939551,3.07787981320404,32.2081030096445,32.44383286224,31.947801240591,31.4052690651782,31.7736150984297,130.131452143923,153.230853729631,59.1068843727903,112.792271475077,128.096425713537,137.186726645909,58.715782644868,4.60722223822389,7.9608459989714,1.72664318971153,2.18287882897347,2.50660203949318,2.76389305090765,1.74624481577616,1.55307151816796,2.17780794372824,-0.242378590022742,0.787900618144141,0.983982029342151,1.10753290180818,-0.25073704605012,0.729543345431065,0.0917163019839627,0.0478207297280676,0.0353154461825576,0.0279473036018488,0.0502261427985543,0.0158275123463089,0.00160322267844548
"37","BG_15_42",7.32836940337448,4.33513778471092,70.1849950255152,48.9625279188325,44.5552397513899,42.6751859970993,69.2734898632563,6.17304152214402,4.24978614554567,29.6632638051085,35.7220107940025,36.6391190925374,36.9730880688989,28.9666707403324,84.2348574745908,98.0311666340509,42.2643953943783,72.9578563697132,82.2330197233299,86.638375920405,41.8149436350206,1.93874351518853,3.30027924251971,2.82940898150871,1.50641559652619,1.41460209129527,1.39664305666018,2.86874483540126,0.332871829988776,0.858913626916665,-1.006731217357,-0.163663869663564,0.0106184511061433,0.0798969352335435,-0.994176165286116,0.524411430231087,0.0743980271505802,0.0668663611409044,0.0678133130871481,0.0702217252505113,0.130622639847658,0.0602847959578228,0.00538171364491837
"38","BG_15_43",9.72388971481029,6.39059357735235,65.5093280473142,52.6448337562419,50.6994779782073,49.6248606304988,63.6470787758031,7.60206789864603,5.51613334211888,32.9766023014122,37.2270891517924,37.8212077016966,38.0794849266623,31.711967291357,78.1792895806649,86.3164473745839,50.3387888173648,70.7136607633004,74.5988108949635,76.7346939474508,49.8247019365373,1.73009007616239,2.00044565205858,2.10500179651633,1.50440059262349,1.43290241966621,1.39776506284421,2.15278900096151,0.103367461601493,0.390988469250312,-0.750843410000674,-0.3375220902163,-0.270623813328201,-0.231233281382654,-0.730183478760129,0.420766903008711,0.05469372691801,0.055352793150475,0.0664430408609026,0.0771198439014142,0.14425753211449,0.137996374592215,0.0433697916396373
"39","BG_15_44",3.87781700399967,2.09467859668732,55.6260998619953,27.106186147894,24.5969882419565,23.3515560690543,55.3134092417039,4.94185771250595,2.95326324428281,30.784452849093,33.4385217188835,32.6162243337495,32.1217724768668,30.3401880168869,127.439167640165,140.988849026926,55.3417423214412,123.361219230325,132.602512197465,137.557310450223,54.8514156563898,3.97385012254072,6.7576324994691,1.75662347451027,2.0493983158841,2.27348813655582,2.40633182453417,1.78227181294965,1.26168946907016,1.79021598741214,-0.228161983331484,0.789331048412033,0.920307852240396,0.988971208557184,-0.238340069474848,0.723052994211789,0.0652163432441714,0.056303435240733,0.0550142156779764,0.0441049035098123,0.0411853995188438,0.0114604738535432,0.00366223949665935
"40","BG_15_45",5.44823836430408,2.88528858477966,62.4731347775186,38.3661083262954,35.6048804356027,34.1509350398218,62.4712434165716,5.43525049958515,3.2684220987045,30.8098400366474,35.9538678655917,35.5258626736751,35.1783884524133,30.4386975196167,99.7616135005396,113.278862847409,49.3169426288091,93.7125745457733,99.7780704191088,103.008565977457,48.7243343575618,3.00646154173918,4.62136281035434,1.96323149285862,1.54151699150976,1.61412189725484,1.67031522054824,1.99514839927498,0.863835837886102,1.34739402751132,-0.487986788973883,0.307270242646613,0.411694300441012,0.471530563788199,-0.501068681733089,0.612564518659597,0.106377427763456,0.0818108335063314,0.0623910605901546,0.0487429859202002,0.0601307730992272,0.0263097477562603,0.00167265870873715
"41","BG_15_46",4.86650981753685,2.56499207755368,52.7158409733502,31.3506181692956,28.7409081704193,27.179784959171,52.629509087733,5.55943059963438,3.3491560570341,30.1913361453613,33.0798878874401,32.6684034957067,32.2492048898044,29.7103346482674,114.238557160627,130.571789532711,57.2718476797594,105.515903095774,113.665174746739,118.651435021464,56.451855932649,3.87751719336263,5.98272390318471,1.74764499638009,1.8955694715396,2.04738029555236,2.17290188320753,1.76934205223626,1.22884817124222,1.73794253932524,-0.0731519676186578,0.607673544000647,0.725636944651983,0.804515285802711,-0.0921207236967182,0.670619880646431,0.0986645062985324,0.0673930847598573,0.0463862821430544,0.0339744901644911,0.0478768534984564,0.030153168552888,0.00493173924228377
"42","BG_15_47",3.42959736865501,1.68741094928674,52.3996703448298,25.7312759759386,22.8770816090202,21.3862087872514,52.2271876707511,4.2939324430166,2.37251496020775,28.1694983412122,30.9390556375533,30.413802951512,29.8769920968129,27.8247204915027,125.202231674809,140.600898744352,53.7589228249633,120.239103830236,132.944417785878,139.702143535711,53.2763139897833,6.53449898291764,8.41863417715436,1.86914499749451,2.5364498649713,2.83345235215832,3.05894226280034,1.8801091124693,1.79187590140283,2.17344840485605,0.00297749763805839,0.955839097118983,1.1042222135668,1.19714924221037,-0.0124730430674273,0.747716185766692,0.101504985606791,0.0635196791251281,0.0347395745515527,0.0194605538432394,0.0223209580727142,0.00905536733351428,0.00168269962799152
"43","BG_15_48",3.29977251407424,1.71910227754011,43.1257928686224,23.0226241184438,20.7517201723397,19.2685952665496,42.8924246425945,4.51088514128489,2.84056460283102,29.4420085556408,29.2966511972291,28.4846287646438,27.7206824638525,29.0508992313704,136.702912762774,165.235346374831,68.2700690172407,127.251572394647,137.263940184638,143.864573833131,67.7296736508602,8.96118690005903,18.1869610678961,1.8528635731201,2.86866308729174,3.22793486438584,3.55749696207994,1.84558109053195,2.22606524914298,3.29978780286713,0.27054008216842,1.08576675480984,1.2279702150653,1.3404522508746,0.251590970063864,0.745243720964835,0.120754118312586,0.0489785244251551,0.0273383630820464,0.0176029676773391,0.0232455160910029,0.00869332158144731,0.00814347122023205
"44","BG_15_49",5.41298312241266,3.03470420139763,56.7698896261114,37.9493351005499,36.4825279166361,35.5159357543746,55.8466076920724,5.31823680680538,3.27119397725825,32.1657982015952,37.8008590876525,37.6276597757795,37.3759380925968,31.2182760322014,98.2496469420904,107.792844381726,56.6599625495845,99.6087520044711,103.138850086705,105.237092304384,55.9000399887009,3.34307441591501,3.86082050303142,1.60478185301822,1.44242592165805,1.47908085497212,1.51732243589557,1.64526628490133,0.793618409102051,1.04715397995668,-0.214216321132806,0.326073737060377,0.381214641492433,0.423107884725908,-0.219925742493526,0.589892034036384,0.0883095141258415,0.0875766898509732,0.0874992603004284,0.0700079047195098,0.0617819667554778,0.0102414435009087,0.00469119157109007
"45","BG_15_5",6.06436019931921,3.86961158972678,69.3735023055413,53.2515466272956,49.9676977313824,47.7038375545499,69.4936969974815,4.88018084158866,3.47844248132226,31.8750984428656,37.5319306890316,38.0329146820254,38.2083278102666,29.6555404186574,80.4731361790896,89.8912565425685,45.9470797689848,70.4804518669014,76.1150031095763,80.0948723812312,42.6737124371613,2.04805191911063,2.74443673786291,2.5508303878343,1.55534790696016,1.48838456251965,1.46523473611208,2.65883507225925,0.377628941948711,0.757918211552432,-0.872222852178817,-0.226049803934125,-0.103573701094184,-0.0156823430317802,-0.85079242024921,0.456462727474014,0.133199567470812,0.109573631878186,0.097926599413368,0.0837193013348878,0.0995972692562978,0.0192651798194738,0.000255732058629812
"46","BG_15_50",4.7026866873561,2.88205304867662,47.4251860277136,32.3681185340153,30.634485769626,29.6937671427107,47.0033229579041,5.17262440113393,3.55145962382914,34.8593343558193,35.7627312567583,35.5705037746568,35.3512619883267,34.0954732511604,109.99296242808,123.226726359527,73.5038431593051,110.4875194373,116.11261909911,119.05280262496,72.5384315523737,3.60369999850955,7.05458142145728,1.51558513268674,1.74006729691365,1.81824257388013,1.87195368773144,1.53913165555939,0.929545958868051,1.58085629363875,0.0932110702351287,0.577630334329678,0.649734055219225,0.69115029124727,0.084861891587939,0.591743870762083,0.0808033528351174,0.0802689110806179,0.0816519671788236,0.0793794799727431,0.068509294771515,0.010066610573029,0.00757651992648655
"47","BG_15_51",4.55843987833249,2.34276644502018,62.3323793726184,41.7905941211026,37.555303423999,34.3199646223425,61.9049723826653,3.85309196396927,2.57469844344122,25.6041007665771,30.524825439402,30.9904057324374,31.1407193827431,25.0602370279172,84.5265500217314,109.89991976853,41.0767261322044,73.0423342413986,82.5193858309599,90.736455370558,40.4817837136045,5.1652817050293,6.99199077398804,2.15394085086299,1.76637173576813,1.80812366371017,1.88748264175896,2.19675867709121,1.43158160051029,1.91510849486166,-0.425986091632485,0.208430025977527,0.365237111815338,0.492165254485232,-0.43969065608878,0.620383980553078,0.176517249809726,0.080288193758074,0.0539507557415791,0.0333934166170483,0.0239036787902306,0.0113043846776844,0.000258343330492433
"48","BG_15_52",17.5735102992156,11.5408503354663,83.3750134118006,76.5686263597691,76.0974649498361,75.8174437318568,79.3485839532582,4.68073726098995,4.20026131213143,15.8580371177727,19.8536635398094,20.0410989096139,20.127466865793,15.0253441160302,26.6351866035488,36.3947299379106,19.0201314144895,25.9292408440554,26.3360926974704,26.547277084384,18.9358692587144,3.79085102961558,2.88480173372834,7.636227095188,5.85700867478929,5.77271161156083,5.73437453451017,6.15523419509317,-0.609425160802249,-0.195436695335738,-1.91311175611615,-1.56136876603416,-1.54539998585199,-1.53693101273674,-1.48037860492636,0.171639518732245,0.0363501058587172,0.0449196362247118,0.060994993475452,0.0783139954873271,0.203657475023204,0.258651548838793,0.145472730634869
"49","BG_15_53",7.32441009961006,4.14388159500499,71.623495510151,57.3792346611069,55.0047814118742,53.179616606647,70.4634827905387,4.09449359889263,2.93765720997052,23.4449047830835,29.04228746771,29.9318922825087,30.524201766729,22.4802061472113,55.902025462919,70.8914369925905,32.7335389261486,50.6146302564674,54.4168916123482,57.3983110719038,31.903342351153,2.16553170666068,2.47481007723599,3.20356002242237,2.09818470783249,1.96685105601492,1.8794935884958,3.22208549073193,0.17316436020816,0.565052766343507,-0.975531254371631,-0.479890365484665,-0.404326510421823,-0.344923066478089,-0.942388241938937,0.389686395181449,0.171949780463145,0.137958880674384,0.106287831027845,0.0907317758320915,0.0938075470745464,0.00957779397127884,0
"50","BG_15_54",3.23060414521963,1.58925802811173,51.2170349143641,29.0608628999261,26.1991045229741,24.7492813510071,51.1479416905712,3.16794736476749,1.86387035341265,30.5461450176889,30.743728866523,30.1776086152859,29.6733655464659,30.2904253713636,98.0605243590474,117.279278785661,59.640596275756,105.790832751223,115.185649146226,119.895867381452,59.2212010301627,3.53617789793108,6.90589262712335,1.74798468591938,2.02362162772588,2.1937391443291,2.31675724888754,1.75851453862803,0.947508341538526,1.72293462530162,-0.164661248291113,0.654294546617167,0.780164727350405,0.851765943557702,-0.181668626754189,0.684802800839599,0.14807650546426,0.0973491021215535,0.0449311371964709,0.0159736180318286,0.00777652704174043,0.00109031213348239,0
"51","BG_15_55",12.097941603526,7.93323440333985,83.2168736582245,73.3565143390506,71.7613948024311,70.5849582482529,80.7563516632758,6.93143952997021,5.25387071142672,20.6872135162803,27.5909404576575,28.7136472423593,29.4825542732107,19.9121010865457,57.2943708700826,66.226086918784,24.8593976279902,37.6121203498485,40.0126660322196,41.7688910001451,24.6570092338641,2.08195368090658,2.12405558579266,7.13428428790296,3.89580799407557,3.55953921698324,3.33231439328545,6.99165094085753,0.159304012881577,0.292595950676078,-2.05964334313973,-1.35854176971744,-1.27145877872778,-1.20727925931956,-1.95515306971997,0.258428530297709,0.103636150291263,0.099279325766894,0.0968606581807042,0.0901754297547982,0.138517469971448,0.153643113401273,0.0594593262832062
"52","BG_15_56",8.57770598569914,5.03805601942495,71.7193195317081,57.7943725797627,55.4368113952777,53.8557221326081,70.3217074303499,5.54473276147258,4.03349557853247,25.5635479836928,31.8387015915915,32.7386584117701,33.2054860050844,24.5577436393899,64.6412079257185,80.0605543682076,35.6438797113668,55.089622346277,59.055810728968,61.6563750149392,34.9219956920317,2.2824158644415,2.70660481494968,3.1580134775896,1.97247405354741,1.83885456194961,1.76178703638387,3.21184086478176,0.296757098168693,0.692738639230475,-1.03967639689435,-0.530810626769767,-0.45042731048546,-0.393531400590693,-1.01543163260675,0.392947594030068,0.129101522821831,0.110604254817583,0.0973390618527561,0.085337153209196,0.114919012705951,0.0641050278740126,0.00564637687970721
"53","BG_15_57",5.38915144118009,3.08890872610031,53.9607995567163,36.622385679178,35.0492756755954,34.0721296276644,53.0549711289045,5.56036261056222,3.60014221753238,32.4900113580677,37.2741159475855,37.1807845239158,37.0001049248809,31.4153306817399,103.176959698587,116.550618252728,60.2103964822066,101.779595338536,106.081463331936,108.593461369198,59.2127938500087,2.21370683290489,3.18548830909051,1.61634841029995,1.4750713505887,1.5151006629638,1.54938360766938,1.66004472164497,0.685910780353936,1.06654684383914,-0.167557577247174,0.367507722294985,0.42721833791345,0.467162034974104,-0.183473944941806,0.596089123372994,0.0854510459726711,0.0766412441256488,0.0746081911179376,0.0670187308190279,0.0746376407367485,0.0248643955820688,0.000689631348730072
"54","BG_15_58",4.74408283856074,2.71111078134716,77.1229725017326,55.270578648844,48.9569991421484,45.0748231335741,76.6905460902625,3.74718008011651,2.63504985264237,23.5503560392183,35.277146958079,36.5027985563069,36.7967331451123,23.2159150689123,78.9863964781299,97.1944735999684,30.5361104159843,63.826266741676,74.5609395917421,81.6347809864264,30.2721994463148,3.76722648182396,5.46800772432688,3.40389011964253,1.63492771769789,1.48066299677843,1.45470177912546,3.4202775415626,0.963585330032844,1.48024580773192,-1.11201772653361,-0.318340837566382,-0.087048599246697,0.0639673304891246,-1.10050971684198,0.54835727555633,0.178966704127158,0.124614933782009,0.0743581439025345,0.0386489376489202,0.0282638310985985,0.00670009197772425,9.0085757157959e-05
"55","BG_15_59",8.92959542167628,5.83317179022296,75.0990941262919,62.4224066102772,60.0738033708667,58.4310720828127,72.9157734428078,6.39188398476676,4.78747860165953,28.3311176895892,36.2598515148122,37.2987342792153,37.8073364802554,27.3260065427335,71.5808912154149,82.0733346081778,37.7249792679864,58.0878781896282,62.0881851760756,64.704163611224,37.4761251955544,1.93338607020668,2.38986789316313,3.38217685036532,1.95653110581736,1.78738426916937,1.68430944834164,3.37732501067716,0.149916968775779,0.526918631398931,-1.24035478235734,-0.71338738298498,-0.618584177556531,-0.547404849274753,-1.18813739615,0.374713940121206,0.102513565513931,0.0894890068983422,0.0881274249876099,0.0874384055438244,0.145325300911962,0.100476481002749,0.0119158798462921
"56","BG_15_6",5.30410348231826,3.24182659189462,64.4933949673802,47.70924049344,44.7104775867907,42.5364565059876,65.2042921316295,4.63790099825798,3.19926667104862,33.6513885340177,37.6456505277756,37.8187142586353,37.7604053841272,31.4599592755506,87.4398663924803,98.6871623253258,52.1780386209132,78.9064133874692,84.5857980050038,88.7718641509592,48.248295084688,2.20687261337769,3.2372128638356,2.12582912018653,1.47930469902724,1.47391229433029,1.49364181982104,2.28200421924614,0.555515461113858,0.994285416343965,-0.666413044754582,-0.0189572791121711,0.0929230430359308,0.177116821163941,-0.689324487906051,0.50036800506107,0.148883257196554,0.109370259834218,0.08800261069561,0.0672795830425623,0.0735468631980961,0.0125494287781573,0
"57","BG_15_60",6.87015459308039,4.36526658988908,62.8380356079825,50.4437606811328,48.7640368166113,47.6262119740585,61.6512639707044,5.6040145086623,3.91498841021929,35.5458632689676,38.99980965899,38.9175889043894,38.8293002681766,34.7267027014726,81.5704280411195,89.684978674321,56.5674323282825,77.3134459691006,79.8079721142617,81.5292643667031,56.3276410974707,1.67109849514249,2.12327687833153,1.84754154873617,1.39489971313906,1.37224438763487,1.3610993076193,1.86682670615322,0.139214522353172,0.478224190933662,-0.60063168882498,-0.202033810143867,-0.147662663865871,-0.107542906262344,-0.57255382948099,0.429715975591235,0.0977028417391273,0.0964246023563063,0.0969104967058189,0.0887885596880287,0.15183815204474,0.0382312282618589,0.000388150728019952
"58","BG_15_61",12.9887836309576,8.29520469624715,81.2992205128489,72.060978908808,70.7104045668338,69.7171891180068,78.2926425155192,5.87452976248715,4.63895491267322,19.8909807167916,25.8225465347042,26.542827755399,27.0090260627082,18.9122839840802,45.2277128436085,55.9233326065111,24.4663855216766,35.8342988476222,37.5373722127573,38.740841970825,24.1558892080203,2.36371658898706,2.37186134054712,6.19123196659142,4.00918480134451,3.78731574547541,3.64033926740415,5.76847638475489,-0.191879521685884,0.152541778139222,-1.79285325889436,-1.31421707610123,-1.26055295304745,-1.22233232014885,-1.59440212868553,0.246633303027946,0.0773160616685873,0.0811366777017613,0.102963474302688,0.110885579490487,0.158514775753996,0.176773004540033,0.0457771274230106
"59","BG_15_62",7.89021489463366,4.63512576043876,73.3203620977003,60.3527627263856,57.8355679369273,55.902137471011,71.8211401527682,4.92084987724182,3.46629102869876,25.7229923001689,31.8091971030628,32.7861611710273,33.4415844439684,24.7718548946891,62.3664873891916,74.7831063891273,35.0830131824672,52.7054531824376,56.6885782236673,59.8216561241689,34.4910354277275,1.98965137595401,2.28998478319298,3.45009856718416,2.11308289394381,1.92664207178231,1.80801050154036,3.49650615252549,0.145992420560134,0.4873916595032,-1.16653708215099,-0.640747333004756,-0.539316726614006,-0.462874133741399,-1.14272155462437,0.384799851611447,0.145180462551935,0.123739924866011,0.109301036795963,0.0872143439643356,0.112435643867349,0.0373111346505941,1.760585554221e-05
"60","BG_15_63",11.8613224510699,7.50212010313013,77.8948167571456,68.763741642536,67.6209421028493,66.7061790526023,75.1488498847072,5.88299479037981,4.53028651873453,22.994675155398,28.557114372219,29.0296961359705,29.3523153675083,21.7838389418346,49.5981355759292,60.3867500980736,29.5201607920705,41.5293200894613,42.9300379929893,44.0023934579763,28.9875879341537,2.45429112942889,2.4089446408478,4.69122829514075,3.24179816455477,3.09587112634706,2.98549249613337,4.5571413673594,-0.0993193252446655,0.246447769014539,-1.51343043045468,-1.13006650002978,-1.08405362423755,-1.04602135885705,-1.3908332828917,0.261654388103394,0.0914737097945169,0.0923980906859619,0.108567556208608,0.109594186846012,0.175943027420268,0.123453855599803,0.0369151897229307
"61","BG_15_64",14.3996353938081,9.01090804958501,82.9288739320108,72.3624840729475,70.963587479302,70.1925364105456,81.2012745727254,6.75264131764514,5.16525229850977,21.2401777028397,27.9134166373487,28.66481096929,29.0385597527973,20.3659834871021,46.8945298472545,57.3222173624073,25.6125239566782,38.5744312055535,40.3936891968021,41.3698681337787,25.0808667650431,2.27760118247872,2.16105997002864,6.42174570654347,3.71980100051281,3.49664131897168,3.37762519333009,6.35164508805275,-0.389559015233979,0.0167597780589524,-1.93055492120193,-1.29342008830673,-1.22834402153385,-1.19216932034201,-1.85741379857842,0.25441567144867,0.0709644067589323,0.0742650099343601,0.0820665684874478,0.0855938078052805,0.143795100277247,0.205651338693234,0.0832481005533265
"62","BG_15_65",4.80365313042173,2.70822212817374,60.4203430210651,42.3118477347098,39.375731781413,37.5310184763378,59.8038542637819,4.50515484854073,3.04256344080437,32.7540307301113,37.2816952136771,37.4679670318463,37.3337082116476,32.0919284778391,93.7860150644393,112.345416912168,54.2102694099103,88.1117162441801,95.154973220162,99.4742741532191,53.6619735849942,2.48991414927341,3.95183807927989,1.81217657366115,1.41686910962762,1.44286315295743,1.48289328723922,1.85016271500464,0.716194148910191,1.2592134061947,-0.469899746434805,0.160784780763986,0.27177072733563,0.345806119106723,-0.486199057673091,0.586339694875356,0.12505084328686,0.0982850272087996,0.0755439573580783,0.0553643509106733,0.0508173065629246,0.00848275005873146,0.000116072546861469
"63","BG_15_66",5.54615139600966,3.11850104013715,61.5635077279777,44.3066898452971,41.4501959071518,39.763637877426,60.7537523213982,4.82121117208946,3.19430609105279,31.076703351322,36.2990470952017,36.7189272561469,36.677955319654,30.2368420467628,86.9289499662454,102.43081691941,50.4790979237836,81.9267862752665,88.5856543076348,92.2399389932989,49.7695054073442,2.01956749557893,2.84935888120129,1.89812312322456,1.43215823279819,1.42148225281985,1.4394168598506,1.94768400901354,0.503843758000523,0.937948521617152,-0.502870775117026,0.0518180121824384,0.151315449602255,0.21634526731844,-0.513579536843017,0.553876157897331,0.124157521357508,0.0933996162999108,0.0794417705157222,0.06829248702063,0.0709937446199646,0.00983870542213637,0
"64","BG_15_67",5.10555388523167,2.77725837465807,63.5685618182989,43.9568031110281,41.0320931139198,39.1206965560018,63.0972116690023,4.14247216060351,2.73401090293642,28.9793436125806,35.0780754899609,35.2766143324005,35.1961192041529,28.3087219591269,81.1365868174661,98.4427998447579,45.5875401042007,79.8012435102687,85.9732264558376,89.96802793061,44.8652503182389,2.32725060534636,3.29934032623134,2.11515968946231,1.50224543510531,1.50423394587514,1.52669888992813,2.16278702884191,0.522046384968555,1.02025638076099,-0.566997196029696,0.0621076950575917,0.169483947544625,0.244280341430662,-0.578096996077927,0.55850466535283,0.142175165185374,0.114233642235281,0.0844163750242169,0.0565460990397538,0.0401305493267936,0.00399350713342638,0
"65","BG_15_68",14.7461727536955,9.86002716043829,83.5511458222912,76.0661394599017,74.9542240505138,74.2461776545352,79.694897437244,6.48100868618977,4.90641031575504,22.1595080937008,27.7639517430636,28.5380465629597,29.0128060165905,21.2733794191608,43.9504459525985,49.7606166384733,26.522087609466,36.4997513219392,38.0739670438415,39.0764978523017,26.693527569833,2.84306222492093,2.47280479554872,7.35041625894865,4.71191214141907,4.44124696108891,4.26826500335111,6.86454442848891,-0.836567482508567,-0.484182004866114,-2.18407606514033,-1.6352437706671,-1.57192398713801,-1.5308347506154,-1.98526159761015,0.221876776576496,0.0540103317569042,0.0503833503433851,0.0645148778961428,0.0870689138078883,0.190225634154855,0.267008851280373,0.0649112679273197
"66","BG_15_69",4.43010340881318,2.82912024393423,53.6486914500141,39.6093520795048,37.3745946923304,35.7627712318568,52.5959824434035,5.27364015126199,3.74983513351295,38.3755710653505,40.802048609767,40.5911996917659,40.1932306298466,37.4215879532869,119.041016983276,132.544211987906,71.5312340863077,103.011148801092,108.606394332607,112.388467798724,71.1491376619018,3.9610740606197,4.84435402833962,1.33945088975836,1.3046049676174,1.35474330084831,1.4129402158065,1.36358533504854,1.25469621925319,1.54716123847691,-0.17766868269913,0.283915263748272,0.372336521145514,0.441318375993624,-0.176645114785235,0.599128961146032,0.107782555686662,0.0814264642103031,0.0762934812529358,0.0534703891862955,0.0455774956192492,0.034371357242755,0.00194929805821239
"67","BG_15_7",3.27263804479811,1.79947314852841,55.7658273273291,32.1413476577476,28.3326298755393,25.9753747442684,56.4009314055631,3.90353062600688,2.4161047685129,32.791332396906,33.7985135698222,33.0566632138491,32.2288397349922,31.8083793469868,119.277798906346,134.267342110037,58.8018397080894,105.155869410706,116.673472808778,124.074590077295,56.3969043671668,5.54095242262893,8.61435384787712,1.84547463998682,1.99227909183789,2.25536329746552,2.50855977375536,1.91970555356159,1.61391997496958,2.17858625263254,-0.310099018716724,0.628268046014343,0.800985577846883,0.929031318867641,-0.341028058806374,0.685635297257087,0.140859445476712,0.0739056853630127,0.0441364095560281,0.0248603629380093,0.0204417469458105,0.0101171538507623,4.39036677985203e-05
"68","BG_15_70",5.57846692671072,3.2287051913967,75.6531970082912,59.9375059704174,56.0080817315219,52.9479501768207,74.6571990012482,3.30129210640259,2.42985138033284,24.03079932058,31.374353160005,32.634479034002,33.4226123867098,23.3921126892627,59.17920012388,75.2577654598968,31.764420105004,52.345109547084,58.2674464560978,63.1235246597731,31.3326953089569,2.50139134385643,2.66235597435503,3.65989657178558,2.04402123668145,1.80283920785892,1.66926128521774,3.69249732836949,0.369388988429432,0.687018845715231,-1.22313607020631,-0.579186592563061,-0.420264809413607,-0.301710073534174,-1.20536073065209,0.438959734032994,0.209183819293232,0.144642601270407,0.119906469633887,0.0635586147976324,0.0227855888502307,0.000963175829304076,0
"69","BG_15_71",3.94034846515119,2.12293818078177,64.4360262775104,44.9667746308889,40.2763304320399,36.9208063176674,63.8740316448227,2.81514580849231,1.91418461562611,26.9006742662758,32.0307843604601,32.7047808454476,32.8265372292278,26.4236045944189,71.4440825066544,90.1667619412831,41.7478789744437,71.2321144297889,81.2009944665438,88.9106726077097,41.3683055758085,2.71885969498387,3.91959527879193,2.2409736519979,1.68293961047424,1.67195408900833,1.72039152560168,2.27064491806182,0.615488730564621,1.16222383779194,-0.543276695673249,0.0799217427390058,0.243739234190384,0.368103884873529,-0.540832389576899,0.598233940884832,0.19525274112339,0.117512203476371,0.0608030057249543,0.0222336110664781,0.00593471716101045,2.97864908060627e-05,0
"70","BG_15_72",12.7265136097474,8.25526481961863,82.4373362276304,72.3199051761968,70.4981694324921,68.9379331884719,80.0172442719427,7.03777243650132,5.36728815289634,20.3407306877958,28.0188420255471,29.0380026721106,29.8385447567468,19.5272711714089,55.3000818001795,65.0165472601313,24.6741726729621,38.7429186436062,41.1897257841807,43.2832018261559,24.4038286360431,1.87146310219598,1.97769663658192,5.88783508710281,3.56404573606492,3.26648529482114,3.02384492482195,5.49861827436798,-0.0940417405114753,0.178220632905573,-1.75817256126158,-1.23826296065807,-1.15031588965168,-1.07201879861656,-1.58581190823974,0.272328305968587,0.108434888106968,0.0780945094988778,0.0767421038837833,0.0788560898103934,0.140671259963413,0.170647417685688,0.0742254318593032
"71","BG_15_73",2.42841573049051,1.15569033773081,55.9917441999411,26.8348210382249,23.2889064773675,21.7277351686027,55.956473291782,1.98953495376753,1.15030842124899,25.6275764781387,27.3491301690928,26.8143728844024,26.2566900537856,25.4982937947529,81.9272799458302,99.5343115447004,45.7702771083985,101.91657373133,115.137964551754,120.844118588703,45.5680858616544,2.73290251238932,4.56308223046157,2.1649080095872,2.30206507907488,2.52560444549271,2.69018719991479,2.17787491175597,0.649081425548724,1.34161905488622,-0.317772712349507,0.736269761434406,0.889555538978751,0.973500315579032,-0.326640358658122,0.742839124223804,0.185059771385557,0.0616849292270001,0.00940732402529896,0.000955603157311815,5.32514875822669e-05,0,0
"72","BG_15_74",8.83893386668754,5.44599943415462,63.9160319481329,51.0586744731531,49.464351367512,48.3698415336725,62.4493223710923,7.16252549985704,5.01975326023992,32.0726146959648,37.2614567150158,37.4958593323234,37.5292425872493,30.8409323291759,81.0338170630669,92.1732240506398,50.1792957391212,72.9777204353554,75.8038027300416,77.5881032422309,49.3855355962231,1.85092361328426,2.44696683906953,1.98579978879241,1.47000227563267,1.43107483840664,1.41156606136065,2.04793261438236,0.28173356109383,0.668739595360402,-0.63822697039038,-0.258421556435499,-0.201979544566577,-0.159723893653529,-0.636677723806617,0.446467315770915,0.0922451267143977,0.07625072586623,0.0700821297724099,0.06874453647791,0.118454375271936,0.10614468979118,0.0216111059516747
"73","BG_15_75",5.64463852402965,3.34913068716882,67.7845178548923,51.9064338841826,49.3488413669058,47.5143630931018,66.5094626824418,3.95974310862372,2.91409552591678,27.9984136243813,34.8888640549965,35.4340830183936,35.6049968006534,26.9506367039046,70.1505170218924,87.0105050567674,41.3050273283909,67.2149123803093,71.803272451613,74.9352290188281,40.5215071915164,2.43857457711752,3.04935781502281,2.36178600395496,1.58038753057327,1.51792930911084,1.49086354459661,2.43717463030377,0.414884842899479,0.879468640937048,-0.727865310193404,-0.232030191073745,-0.141433138768981,-0.0698058534909528,-0.728448830108479,0.466980665003281,0.168381024950056,0.13380812217482,0.108079223685958,0.0672866544548479,0.0491593083134768,0.00630500755008716,0
"74","BG_15_77",9.24753184301563,5.79932225222586,71.6714075210054,60.682389263787,58.4724769704934,56.9303423037268,69.7803918201172,6.42510776407611,4.75859030492537,30.4591313075888,35.9276378685552,36.6824344644074,37.1165242985573,29.3454128696883,69.479163447583,82.0542487201665,42.4983021278909,59.2060370470539,62.7345314666902,65.1963835041399,42.0539525563801,2.02394957387766,2.37517444169569,2.7490845102773,1.85857925729112,1.72519495176525,1.64195915353144,2.79666128110557,0.131696755396666,0.539793653396783,-1.04661370307425,-0.633239564880104,-0.547394618450518,-0.484833600606148,-1.02698054787674,0.382460109106724,0.102503801212381,0.0856290382022146,0.0830925168110701,0.0865282922956571,0.149530317770415,0.0974072986945955,0.0128486304978161
"75","BG_15_78",6.63162744312441,4.14204583484698,74.3902800699291,62.5870688707307,59.9081015582232,57.5778681408467,73.0848747781065,4.86195731717655,3.57018409967236,30.216030923486,35.3260996333578,35.8084210368586,36.1363598648676,29.5639773193898,73.3146932464876,86.1937371536657,40.6182513294506,56.4431283821926,59.7722513407594,62.7608507082461,40.4515673169711,3.15698371095818,3.590485278599,3.33704782785195,2.03365288932069,1.84810933543042,1.71719785649413,3.3477233744609,0.746467066808826,1.02206714596395,-1.27614884188885,-0.726931608375583,-0.601455913534696,-0.494864001018389,-1.25451545763089,0.385245428201139,0.184663120379234,0.148137579101784,0.106688708401904,0.0701464581981833,0.066412274559082,0.0373126728742156,0.0013937638930094
"76","BG_15_79",6.98623844975239,4.47649512001838,76.0772895349119,62.2814612833255,59.445483069036,57.2650360453178,74.2507016025434,4.77010286115647,3.86118807613718,24.3823891913949,32.3922721268101,33.4358992192111,34.0261474096909,23.5458036967087,68.2785578457537,86.2547142935638,32.0494977416431,52.0094928079063,56.2463243513066,59.4187129870375,31.7112204848206,2.50924786135446,2.87025201697346,3.61981976808137,2.1511098281396,1.94370434387295,1.81029598577532,3.63630910976097,0.617035330916248,0.927919295829657,-1.22617147133962,-0.698873337430001,-0.579717071481648,-0.482672078967614,-1.18109349134258,0.382549738505174,0.189957768157783,0.129448913114705,0.078986300774066,0.0732051480783347,0.102326356810558,0.0434193061675401,0.000106473882185148
"77","BG_15_8",1.62635690556528,0.87103269520053,42.3932881610428,19.6858850561815,16.5479907763549,14.610687007036,42.4603485154879,2.22213634695726,1.30577497101762,33.0090367755166,28.5406194938321,26.833599622897,25.4349469096954,32.6716590997968,136.632761194868,149.911131719,77.8638275241178,144.980118558957,162.156239905808,174.084537554236,76.9462810411919,6.34984895885955,10.8777861869584,1.7521885077884,3.6206273306995,4.45698484519389,5.20514889996388,1.7570532764874,1.80792127897401,2.50082886762619,0.257901141656969,1.34351499736094,1.59594403750223,1.7846031787979,0.243728362623752,0.811790370835234,0.119395914183776,0.0455471321808171,0.0160992583226559,0.00523763725937511,0.00189555536991837,3.41355185151446e-05,0
"78","BG_15_80",5.55429345076259,3.25338350586485,67.8156584730933,52.6627542504463,49.3842127428599,47.0908416816834,66.7417173112192,3.87780900791246,2.81779821659659,27.6948626105338,33.4921256920294,34.4241764956328,34.9203197637189,26.8691856079809,69.816422957992,86.6113143906019,40.8384482789061,63.5973681375496,69.7068447256152,74.1552253403482,40.2584570647003,2.27827449360059,2.90065717581835,2.44746729548105,1.66117659650281,1.56026500728324,1.51484222409374,2.50791304138945,0.448316217417865,0.881050282623188,-0.762254993505022,-0.24940625964936,-0.127237425083222,-0.0405030080908407,-0.764907435111289,0.473636475589162,0.185213287721291,0.122768622098096,0.0971116429843639,0.0686949209063007,0.0503662729042212,0.00220423964603108,4.5436047661373e-06
"79","BG_15_81",8.88116398818357,5.06719825300209,77.2974493261267,58.2359112874078,55.1008728053901,53.4779679316769,76.5272747515897,6.8004589716628,4.47877388920276,23.4354861243456,32.3157177508803,33.0114446685628,33.3211953000329,22.8085213341261,76.5717081759873,88.3875795968568,30.3185762643585,55.4910484552988,59.9109287890146,62.3082674768118,29.8044343120324,2.78440433193992,3.70049712716554,3.86435482139607,2.0098465335428,1.85767444367337,1.78131852506492,3.82319935170646,0.725014495321219,1.06045340559828,-1.25338049438591,-0.563381280098689,-0.46536629675477,-0.409090572683521,-1.20368874337189,0.429463703849252,0.13493698477965,0.104827695562404,0.0846359247394185,0.0638159463871128,0.0896822942403398,0.0552776924550814,0.0373597655409579
"80","BG_15_82",7.6434497091222,4.62917484791868,79.0382868719769,60.5229438118794,57.0005375284676,54.7636426330945,77.9149469391496,5.94560951897805,4.46031658961578,22.8056746214048,32.0271016152136,33.1275375380702,33.6440806607336,22.2190661143045,77.7869907599728,96.3523032970159,28.8539586622677,52.9172898707008,58.1179388379021,61.4350672144697,28.5170778999019,3.11592377218316,4.07518395140967,4.25579292274257,2.07332292599362,1.87542459343045,1.76730208579583,4.23830609776374,0.921351872860033,1.30611749126257,-1.37910288395149,-0.604397181497899,-0.477102195368247,-0.387815165499309,-1.33291685637831,0.429769230642295,0.164688991965443,0.120262715691933,0.0746994958838464,0.050678793428008,0.0761120657132282,0.0653649431553177,0.0184237716879976
"81","BG_15_83",10.3542293707825,6.58859228409837,79.0206707948491,68.2704508175823,66.4138380510889,65.158419247936,76.544963111026,5.72819805485877,4.27875290282078,24.8542504075172,31.2101969207391,32.1122347189334,32.6006070565638,23.9297343079705,55.3223021215135,64.9418376236087,31.4528466507744,45.715527797132,48.3517225645521,50.0328390910074,31.2623239144569,2.18799427051631,2.31094851514109,4.64627061401128,2.87426333530968,2.64653785098498,2.50440614076817,4.48565897545948,-0.220461619591439,0.197248370617029,-1.55926604844185,-1.05814287445172,-0.976382649781046,-0.917534602585391,-1.44592750102391,0.299144469573936,0.097360376224619,0.0950256632304707,0.103935794497911,0.105297551919073,0.180282532127375,0.111346576647594,0.0076070437544603
"82","BG_15_84",12.7937738708175,8.37157108522282,80.5677507310326,69.052694838191,66.8389772007904,65.5473107682308,78.1433201111835,6.91824818435974,5.31086086332785,22.7021253101156,30.6636375003338,32.3685226218623,33.2484198193183,21.6607479363364,54.0751169609166,63.4392375010991,28.1776828869213,44.4061416751176,48.4276151094059,50.7243080297858,27.7192572641106,2.15287912392636,2.01688565294693,5.09099923578464,2.93156417942119,2.65110633697546,2.5037307674382,4.99122573553828,-0.46392827273843,-0.0413690534992457,-1.6292899939166,-1.07227133890449,-0.990686160843352,-0.942052507545094,-1.52790538985248,0.303867039245678,0.0645838499228593,0.0540906558077524,0.0632596415187698,0.0731937013743394,0.180144673228683,0.214776250895737,0.0460841953820425
"83","BG_15_85",5.59751708887171,3.15545154913906,68.5098033445292,45.0638010869017,41.1493633991894,39.3309364731637,68.0264987660999,4.99283347654071,3.31627410191597,27.8492270150691,35.1574031596178,36.0245106624964,36.1079332808199,27.1884415749041,89.1972886776326,105.096657333268,40.6499882579111,78.0169499945636,87.5457302049199,91.805424733421,39.9674274996688,2.49414964688425,3.79167729038613,2.53718474933826,1.50329843086874,1.47280308870634,1.48589375346894,2.58984521622476,0.699790594889122,1.17539892139695,-0.783830041458916,0.0457992760266308,0.175582784403803,0.241526979512795,-0.78538605881567,0.566598453849912,0.113583747016196,0.098848763106676,0.0801112776355349,0.056054269275281,0.0579260175468902,0.0268245014963301,5.29766604901012e-05
"84","BG_15_86",1.37784175401452,0.590455633986232,59.3330029834253,17.2675821445074,9.86985959771055,7.93421056821554,59.3495905355282,1.74900883466807,0.830105373728496,29.5298161909444,23.8767884412911,19.8114460680249,18.0504133987762,29.5154281164315,126.938295313819,140.587256001668,49.7696302329306,138.275227194364,200.726726372283,227.501063194443,49.7314772521688,7.94466464512123,22.7649042916279,2.01819192963048,4.4604079779538,8.22042820244818,10.3593375328973,2.02038601867335,2.11519507453477,3.77568330105752,-0.445411108963651,1.51454573116982,2.38312961420453,2.74449210753008,-0.44744739836435,0.917948495329298,0.0544928975336375,0.0200715681115895,0.00540983017170059,0.0016340414505769,0.000443168999088547,0,0
"85","BG_15_87",8.9757657662053,5.96410906818483,77.4867831264026,67.7592092198687,66.6147121161412,65.9805630095391,74.4920639225408,5.44904330240582,4.09405127300152,30.011724648347,34.8988194165842,35.190529170412,35.3361029505385,28.9792903828241,60.7083946299272,68.6448089093638,38.7314112645372,51.5041716371609,52.8269627722148,53.555321959635,38.9025204254747,2.48473055564854,2.75270866789944,4.06678807980803,2.58348347270147,2.47010111140576,2.40247675543889,3.9405786016255,0.00639979275882507,0.368711925517179,-1.54360232450681,-1.05461434160207,-1.00370635610116,-0.971501372529099,-1.44965621025377,0.277967962605522,0.0845693308050211,0.125606002589661,0.158545728911929,0.133537140395447,0.142275551224459,0.069537824076171,0.00796046726148756
"86","BG_15_88",7.16941490958312,4.50584043053909,81.3725859132375,68.1877676993216,65.8043259170137,63.9925519690619,80.1750728280056,4.70123565044194,3.43997675145376,23.7861239894694,30.7399496683709,31.4782452711631,32.0230576427282,23.268606759142,65.5734911388369,76.3448418665415,29.2311270712609,45.0813257356081,47.8361336165963,50.0418512113881,29.0222458656928,3.57734159670787,4.11435755099425,5.3116126177487,2.85929662328635,2.59013921558826,2.39406192306674,5.25896781093283,0.873918925060825,1.09064845650222,-1.72984824458021,-1.03527702082063,-0.920729059057099,-0.829317050050974,-1.67998353967651,0.33272561409316,0.194982330956403,0.174884402991857,0.120317773507691,0.0705694460985295,0.0623300507722038,0.041113431920116,0.00307695818355136
"87","BG_15_89",4.7877791339252,2.82558197789722,72.4972938022851,54.6544857557465,50.6432295706303,47.7542169780066,71.4969783323829,3.27709879753561,2.44053939668044,27.1816481179528,32.9952320388882,33.7229845702922,34.1237055259728,26.6537216431764,68.4471590244165,86.372981416617,37.4933279469475,60.3705836449464,66.5893246860569,71.4569470203827,37.2795078405491,3.11406591953363,3.8296644787393,3.10705761381299,1.76205997864466,1.63009186907051,1.5686100317576,3.12393750558652,0.656668671051532,1.10270142625611,-1.05723029764007,-0.355444884128902,-0.202246526634154,-0.0893668695315153,-1.03371882933503,0.484394690397655,0.222240070087602,0.13050898123424,0.092210898457196,0.0481076469307293,0.0206267732563997,0.00191094704447953,0
"88","BG_15_9",6.80917389223693,4.21473324846659,67.172990952384,55.4193397463461,53.5692730532284,51.6785928197764,68.7127375428619,4.8955283302194,3.4284221716645,34.3566967622795,38.7029463713858,38.909901019312,38.9071642612524,30.5474978690095,71.8960685642166,81.3437522507938,51.1465937055467,69.836534589782,72.6347377920355,75.2868105308847,44.4568197416883,1.89557577533343,2.55683693333657,2.2598544331891,1.53761398080383,1.49315439637961,1.46477157245802,2.55329568761426,0.0786505456204534,0.544008965372374,-0.791939280405556,-0.312967013779353,-0.239235074807069,-0.16322240046046,-0.830164167546709,0.407442295108185,0.131015389373186,0.112489067163695,0.119352253871255,0.100705405530919,0.110482458854953,0.0185131379224578,0
"89","BG_15_90",4.01372352447363,2.15160517723226,64.2460927595561,43.4977761627272,38.898646165276,35.780639382231,64.0910184961007,3.321445346003,2.18433614176981,28.8157420582987,31.5465482328025,31.5417118313957,31.4743465990189,28.561905469243,82.7522206188473,101.521234698814,44.8521315780912,72.5245081835572,81.0869141753121,87.9647405480668,44.5645991270691,3.84720101730951,5.98111143120307,2.24986877876342,1.71589123730846,1.75228225330218,1.82517372039599,2.26853142277985,1.10182299963522,1.68992706218429,-0.614428266020613,0.081247344207039,0.263610959160585,0.397678977996206,-0.617135301889647,0.602583539487473,0.212294979973937,0.0848188136763387,0.0450532360065941,0.0303310145576022,0.0225733251730959,0.0023450981953645,0
"90","BG_15_91",3.48086149387714,1.76467760657247,57.7959456374038,34.6725434732801,31.2877365734068,29.0422152826482,57.6317017545827,3.00839408560324,1.84026986280155,28.8539118190404,29.746709005313,29.2834048713955,28.8693052693987,28.5703119484657,86.4267104823052,104.283629822668,49.923764549268,85.7932704828444,93.5938744008892,99.4046252616519,49.5739516249733,4.31181351652197,7.79787427297098,1.98023194956814,1.91864809607103,2.05545011971187,2.18328239424738,1.99821294027732,1.09333452889769,1.8634854411881,-0.341334165369802,0.403058679231198,0.543226505973858,0.645664203424089,-0.349528655977734,0.6546101288661,0.189930261908065,0.0868486101577765,0.0407620199842753,0.0166749751204069,0.00951105180097207,0.00166295928924114,0
"91","BG_15_92",8.9661612260283,5.52580478073077,80.3823723172211,60.6384127626663,56.311407531129,53.9749525846257,79.3448323626214,7.64938648037299,5.4497570805489,22.6201786047061,34.1309239144705,35.4657423310015,36.0159884712789,22.091721829153,85.3139519526731,98.6237715011746,28.140720350275,56.2859784078717,62.9814524017997,66.7272257716401,27.8426725110333,2.19245038824163,2.88907926029475,4.52387841641693,1.95737115368624,1.71524930947323,1.61102900491919,4.44564552174992,0.673884153072763,0.990666736013701,-1.46281593997074,-0.612821641961136,-0.455198204141388,-0.367888149651978,-1.40116073147624,0.447904591635682,0.140325250521738,0.0846034899213634,0.0597691488327666,0.0526774389332958,0.0715560322748244,0.0776005592475413,0.0655634952936376
"92","BG_15_93",5.21049821759627,2.90066402611142,73.7338817062093,52.3862809203473,48.2709506004699,45.6617923038079,73.3721403013616,3.94453428366484,2.68194177146098,26.9754502976891,34.0037026296629,34.6291538146331,34.8959193252719,26.5850986893071,75.7035914597156,92.4595798520085,36.5848774992914,64.9095565332555,71.7391171788857,76.4225790636822,36.2332331864847,3.01915128488103,4.19666038270008,3.23597464214983,1.66081984365072,1.57015124589921,1.5391987338699,3.28180131155914,0.693824557850965,1.20725553557151,-1.09921641559039,-0.248472499644822,-0.102686611437719,-0.00122658841960331,-1.10182274759676,0.522173078482827,0.175604254647426,0.121672247679663,0.0828406381998083,0.0518389051421431,0.0391984355700601,0.00658053287433076,9.1915164467943e-05
"93","BG_15_94",2.49642926891947,1.41409178960485,44.3163137014651,22.1757126726059,20.1398200245345,18.9376978758679,44.0399488024637,3.95367601685335,2.43981422286956,34.6658740105047,33.3105086987976,32.0194993364651,31.2631346134563,34.2676463286284,158.373243979976,172.535774608474,78.2237309809428,150.211671618323,158.986025185223,165.084134398905,77.8103682234786,4.57800236474369,6.89085834224176,1.61135999871649,2.64258738345906,3.00912991626842,3.28206365098679,1.61766346850375,1.6532667702633,2.13217338306594,0.249821085767604,1.12574940911704,1.26586957862284,1.36141518039477,0.240678111085097,0.762473947450178,0.0798173879187222,0.0473080858474931,0.0378331180761171,0.0329929442232817,0.0364059645499497,0.00316855573297255,0
"94","BG_15_95",1.58626807888955,0.92999382706495,43.623260637486,16.3486200780323,14.4557161484171,13.132702464723,43.539014133519,3.54915416437586,2.1810249119041,33.832600483649,31.9837321615633,30.348203352569,28.8965113061474,33.7050238664236,223.742393332431,234.520364375685,77.5563311619493,195.635668386104,209.939120559531,220.034767282433,77.4133832315587,15.2875273644021,21.0876214854462,1.74130539347175,4.321008348932,5.01833887841309,5.67126060640275,1.74176618595601,3.38268317772521,3.94096083984853,0.323843013338798,1.72084184592659,1.90193260303289,2.05243118966338,0.320093471910169,0.85307074087621,0.0712207960694035,0.0267289964369627,0.0134139042239145,0.0101835412825841,0.0143422681895481,0.00959605363289473,0.00144370162719404
"95","BG_15_96",9.04797355260222,5.7021678404177,80.5674274096024,68.8870279196293,67.0220035331116,65.622381333599,78.0653262903477,5.33442712707473,3.94561213356169,25.1103253734586,31.4564534826434,32.2350748293633,32.8194007615334,24.2963963099647,58.9571476536925,69.1949490787466,31.1668451889353,45.6638273309508,48.0962566471739,50.0125111197841,31.1231598771513,2.41847657264396,2.7925808588799,5.50468049305259,2.94928621739506,2.69417317381723,2.51156561272786,5.35159988737595,0.111131127668645,0.500590380851308,-1.78887336724397,-1.09290781836111,-0.997028838271183,-0.922646215967919,-1.6877145016936,0.306199372799354,0.115232378203913,0.128672596983644,0.129116346103499,0.106302295398678,0.140633673742959,0.0660261211587674,0.00781722403483171
"96","BG_15_97",11.0836576891371,7.31782274769011,87.0109774960809,75.8964605790146,73.8382274450921,72.5855750174481,84.3283052557714,6.69525848031551,4.97184953866731,16.82550284899,23.9030107747806,25.2288613333972,26.1137982110127,16.78103077165,60.4065793810777,67.9416502707268,19.3372185133167,31.4942364800999,34.1677505085804,35.9765672514621,19.8996419064184,2.37973632680348,2.7339478308163,9.1688761363679,4.75000669834852,4.31645234581774,4.04138366301496,7.6606421135862,0.622398051257199,0.736811392517621,-2.2924271271518,-1.46787786308589,-1.37641339575901,-1.31643831491032,-1.92555720043692,0.2599624338886,0.112680586727804,0.132913403042443,0.135138038299264,0.0989975192267653,0.089994076008057,0.0898283835221798,0.0804855676931315
"97","BG_15_98",9.30306552614437,6.20547531578647,84.8780209093186,74.3703168539233,72.6846979534294,71.4201768003574,82.0770943407662,5.0299749974941,4.0386182727334,19.0202396169839,25.7267076521295,26.6781718400612,27.4437436831893,18.6729794251645,54.0679304403305,65.0815298944035,22.4089103553729,34.5927094847012,36.7039729010836,38.4257571356949,22.7505366450211,2.59038310775544,2.95187596292985,7.55041565382108,4.27371282949244,3.91879097802532,3.648007853298,6.61119789958485,0.465639534168783,0.713433761782185,-2.07954807227242,-1.40816083660127,-1.3189471279675,-1.24756231448626,-1.79035408441881,0.257196708715669,0.121782001517907,0.15012264456003,0.162967967446419,0.108225528846926,0.0940652749280318,0.0996361373956542,0.0060037452135448
"98","BG_15_99",5.10248062026701,2.98749285686847,76.020674751071,57.9855891528806,53.5183901162039,50.3206704981004,75.3506181697256,3.67146513297186,2.64325588559853,25.4486558571778,32.2740028087661,33.14394132022,33.5998067621063,25.0795117637494,71.954514014004,88.4773960051984,33.4759668215379,55.6586615403264,61.9300043373034,66.7713812823195,33.2837505158329,4.13497225513302,5.40392600701122,3.67837330295442,1.95229547418302,1.74918076685794,1.65105205882777,3.66207940636264,1.0587954832258,1.47772870846915,-1.24216484744877,-0.503063302763791,-0.326131721333813,-0.199468529049569,-1.21508050774633,0.471189257998822,0.233761547511285,0.145935773980126,0.0702020713800512,0.0346516031707351,0.0321600900372782,0.0120876530399042,1.20110776130958e-05
