"","model","formula","lam(Int)","SElam(Int)","lam(S500.mean.VPD__1.2m_Grid.1x1m)","SElam(S500.mean.VPD__1.2m_Grid.1x1m)","lam(S500.mean.VPD__10.11m_Grid.1x1m)","SElam(S500.mean.VPD__10.11m_Grid.1x1m)","lam(S500.mean.VPD__2.3m_Grid.1x1m)","SElam(S500.mean.VPD__2.3m_Grid.1x1m)","lam(S500.mean.VPD__3.4m_Grid.1x1m)","SElam(S500.mean.VPD__3.4m_Grid.1x1m)","lam(S500.mean.VPD__4.5m_Grid.1x1m)","SElam(S500.mean.VPD__4.5m_Grid.1x1m)","lam(S500.mean.VPD__5.6m_Grid.1x1m)","SElam(S500.mean.VPD__5.6m_Grid.1x1m)","lam(S500.mean.VPD__6.7m_Grid.1x1m)","SElam(S500.mean.VPD__6.7m_Grid.1x1m)","lam(S500.mean.VPD__7.8m_Grid.1x1m)","SElam(S500.mean.VPD__7.8m_Grid.1x1m)","lam(S500.mean.VPD__8.9m_Grid.1x1m)","SElam(S500.mean.VPD__8.9m_Grid.1x1m)","lam(S500.mean.VPD__9.10m_Grid.1x1m)","SElam(S500.mean.VPD__9.10m_Grid.1x1m)","lam(S500.mean_MaxHeight)","SElam(S500.mean_MaxHeight)","lam(S500.sd_PercCanopyDensity)","SElam(S500.sd_PercCanopyDensity)","p(Int)","SEp(Int)","p(Julian)","SEp(Julian)","Converge","CondNum","negLogLike","nPars","n","AIC","delta","AICwt","Rsq","cumltvWt"
"1","4/12","~1 ~ S500.mean.VPD__2.3m_Grid.1x1m + S500.mean_MaxHeight + 1",-2.73091012752735,1.20545741672266,NA,NA,NA,NA,-0.000501486520129939,0.000146029918303629,NA,NA,NA,NA,NA,NA,NA,NA,NA,NA,NA,NA,NA,NA,0.184405970203583,0.12828575324277,NA,NA,-1.90373496503557,0.713627651922083,NA,NA,0,103315238.724162,56.4233908370919,4,98,120.846781674184,0,0.0129342513679134,NA,0.0129342513679134
"2","2/12","~1 ~ S500.mean.VPD__1.2m_Grid.1x1m + S500.mean_MaxHeight + 1",-2.73090571974169,1.20545662629548,-0.000501478769982862,0.000146029758884695,NA,NA,NA,NA,NA,NA,NA,NA,NA,NA,NA,NA,NA,NA,NA,NA,NA,NA,0.184406488004772,0.128285322987148,NA,NA,-1.9037441264292,0.713633223249131,NA,NA,0,103314948.943576,56.4234084348187,4,98,120.846816869637,3.51954537194388e-05,0.0129340237564934,NA,0.0258682751244069
"3","5/12","~1 ~ S500.mean.VPD__3.4m_Grid.1x1m + S500.mean_MaxHeight + 1",-2.73090331835238,1.20545851870952,NA,NA,NA,NA,NA,NA,-0.000501473115707574,0.000146029847689005,NA,NA,NA,NA,NA,NA,NA,NA,NA,NA,NA,NA,0.18440707293804,0.128285266238109,NA,NA,-1.90375189906294,0.713637593245247,NA,NA,0,103315393.266098,56.4234148878774,4,98,120.846829775755,4.8101571039183e-05,0.0129339402927487,NA,0.0388022154171556
"4","6/12","~1 ~ S500.mean.VPD__4.5m_Grid.1x1m + S500.mean_MaxHeight + 1",-2.73089790282073,1.20545883490045,NA,NA,NA,NA,NA,NA,NA,NA,-0.00050146378338065,0.000146029535621608,NA,NA,NA,NA,NA,NA,NA,NA,NA,NA,0.184407673843288,0.128284936973919,NA,NA,-1.90376256967598,0.713643823791785,NA,NA,0,103315701.195189,56.4234344187318,4,98,120.846868837464,8.71632799004374e-05,0.0129336876843105,NA,0.0517359031014661
"5","7/12","~1 ~ S500.mean.VPD__5.6m_Grid.1x1m + S500.mean_MaxHeight + 1",-2.73089390463441,1.20545892144082,NA,NA,NA,NA,NA,NA,NA,NA,NA,NA,-0.000501457140263675,0.00014602911923356,NA,NA,NA,NA,NA,NA,NA,NA,0.184408099564562,0.128284702686361,NA,NA,-1.90377017338223,0.71364825332432,NA,NA,0,103316140.078495,56.4234483727086,4,98,120.846896745417,0.000115071233551589,0.0129335072091915,NA,0.0646694103106576
"6","8/12","~1 ~ S500.mean.VPD__6.7m_Grid.1x1m + S500.mean_MaxHeight + 1",-2.73089129648583,1.20545897646229,NA,NA,NA,NA,NA,NA,NA,NA,NA,NA,NA,NA,-0.000501452583926682,0.000146028723850259,NA,NA,NA,NA,NA,NA,0.184408428827296,0.128284543032657,NA,NA,-1.90377555386921,0.713651381967241,NA,NA,0,103316583.672481,56.4234575567289,4,98,120.846915113458,0.000133439274051739,0.0129333884281448,NA,0.0776027987388024
"7","9/12","~1 ~ S500.mean.VPD__7.8m_Grid.1x1m + S500.mean_MaxHeight + 1",-2.73088980770193,1.20545920967303,NA,NA,NA,NA,NA,NA,NA,NA,NA,NA,NA,NA,NA,NA,-0.000501449420958295,0.000146028420878946,NA,NA,NA,NA,0.184408749303238,0.128284439563691,NA,NA,-1.90377980446362,0.713653863724133,NA,NA,0,103316985.787035,56.4234630577748,4,98,120.84692611555,0.000144441365904413,0.0129333172811768,NA,0.0905361160199791
"8","10/12","~1 ~ S500.mean.VPD__8.9m_Grid.1x1m + S500.mean_MaxHeight + 1",-2.73088897437753,1.20545958211913,NA,NA,NA,NA,NA,NA,NA,NA,NA,NA,NA,NA,NA,NA,NA,NA,-0.000501446871794199,0.000146028184560237,NA,NA,0.184409119384712,0.128284351831659,NA,NA,-1.90378392928419,0.713656299980652,NA,NA,0,103317355.299287,56.4234661639458,4,98,120.846932327892,0.000150653707919446,0.012933277108144,NA,0.103469393128123
"9","11/12","~1 ~ S500.mean.VPD__9.10m_Grid.1x1m + S500.mean_MaxHeight + 1",-2.73088839605733,1.20545994184348,NA,NA,NA,NA,NA,NA,NA,NA,NA,NA,NA,NA,NA,NA,NA,NA,NA,NA,-0.000501444448796219,0.000146028005598403,0.184409543950833,0.128284242841788,NA,NA,-1.9037884162086,0.713658974811126,NA,NA,0,103317653.217291,56.4234676356215,4,98,120.846935271243,0.000153597059224353,0.012933258074569,NA,0.116402651202692
"10","3/12","~1 ~ S500.mean.VPD__10.11m_Grid.1x1m + S500.mean_MaxHeight + 1",-2.73088772273912,1.20546019980337,NA,NA,-0.00050144192257701,0.000146027843523717,NA,NA,NA,NA,NA,NA,NA,NA,NA,NA,NA,NA,NA,NA,NA,NA,0.184409976208199,0.128284107658521,NA,NA,-1.90379314211504,0.713661820562893,NA,NA,0,103317892.913145,56.4234687715269,4,98,120.846937543054,0.000155868870194809,0.0129332433836185,NA,0.129335894586311
"11","5/9/12","~1 ~ S500.mean.VPD__3.4m_Grid.1x1m + S500.mean.VPD__7.8m_Grid.1x1m + S500.mean_MaxHeight + 1",-2.62628027331914,1.6453160346934,NA,NA,NA,NA,NA,NA,-1.1230652945434,19.6630490712208,NA,NA,NA,NA,NA,NA,1.12237746616041,19.662308468191,NA,NA,NA,NA,0.209794851450227,0.180615709192302,NA,NA,-2.30364589880974,0.998309753272427,NA,NA,0,217893788482.935,55.7170873529061,5,98,121.434174705812,0.587393031628537,0.00964251938706278,NA,0.138978413973373
"12","5/8/12","~1 ~ S500.mean.VPD__3.4m_Grid.1x1m + S500.mean.VPD__6.7m_Grid.1x1m + S500.mean_MaxHeight + 1",-2.64643293355799,2.16646891875847,NA,NA,NA,NA,NA,NA,-0.958938186514112,38.1392556927812,NA,NA,NA,NA,0.958240133405632,38.1380468463519,NA,NA,NA,NA,NA,NA,0.210260390014295,0.256328341159678,NA,NA,-2.29013717859338,0.99786204662074,NA,NA,0,843919942420.013,55.7174352140035,5,98,121.434870428007,0.588088753823342,0.00963916571302725,NA,0.148617579686401
"13","4/7/12","~1 ~ S500.mean.VPD__2.3m_Grid.1x1m + S500.mean.VPD__5.6m_Grid.1x1m + S500.mean_MaxHeight + 1",-2.60286131407418,2.56365292925098,NA,NA,NA,NA,-1.33797435202924,52.0690351303855,NA,NA,NA,NA,1.33730298777507,52.0669868908821,NA,NA,NA,NA,NA,NA,NA,NA,0.210281739235741,0.35446078578886,NA,NA,-2.32230749591074,1.02181933487248,NA,NA,0,1460770960789.06,55.7219868965919,5,98,121.443973793184,0.597192119000113,0.00959539099018295,NA,0.158212970676584
"14","5/7/12","~1 ~ S500.mean.VPD__3.4m_Grid.1x1m + S500.mean.VPD__5.6m_Grid.1x1m + S500.mean_MaxHeight + 1",-2.66728750381551,11.8707946245163,NA,NA,NA,NA,NA,NA,-0.732487264019407,352.252690109247,NA,NA,0.73177901067491,352.244420181694,NA,NA,NA,NA,NA,NA,NA,NA,0.210579718437194,1.55417478280012,NA,NA,-2.27482908019039,1.27436337277617,NA,NA,0,73652570400662.4,55.7223926877217,5,98,121.444785375443,0.598003701259614,0.00959149805554524,NA,0.167804468732129
"15","4/6/12","~1 ~ S500.mean.VPD__2.3m_Grid.1x1m + S500.mean.VPD__4.5m_Grid.1x1m + S500.mean_MaxHeight + 1",-2.6435575027201,1.82206392692061,NA,NA,NA,NA,-1.00524577414912,47.0828385663511,NA,NA,1.00455371477915,47.0814992492402,NA,NA,NA,NA,NA,NA,NA,NA,NA,NA,0.210707422084442,0.244681456993177,NA,NA,-2.29260452314065,0.998610341817384,NA,NA,0,1263914695590.08,55.722592390255,5,98,121.44518478051,0.598403106326217,0.00958958280033242,NA,0.177394051532461
"16","5/10/12","~1 ~ S500.mean.VPD__3.4m_Grid.1x1m + S500.mean.VPD__8.9m_Grid.1x1m + S500.mean_MaxHeight + 1",-2.60616486981272,1.48730460084714,NA,NA,NA,NA,NA,NA,-1.25440983704638,13.4331135596487,NA,NA,NA,NA,NA,NA,NA,NA,1.25373352606101,13.4325427394925,NA,NA,0.209220051924759,0.156506494988706,NA,NA,-2.31574452754263,1.00064974351915,NA,NA,0,98282728357.3478,55.7227611075758,5,98,121.445522215152,0.598740540967867,0.00958796500809313,NA,0.186982016540554
"17","6/9/12","~1 ~ S500.mean.VPD__4.5m_Grid.1x1m + S500.mean.VPD__7.8m_Grid.1x1m + S500.mean_MaxHeight + 1",-2.66790048265507,1.57464973559446,NA,NA,NA,NA,NA,NA,NA,NA,-0.686712360593697,24.9203489749926,NA,NA,NA,NA,0.686003642463053,24.9197351170847,NA,NA,NA,NA,0.210252559626856,0.167525675434113,NA,NA,-2.27265452514653,0.985054105469206,NA,NA,0,370751406053.248,55.725704652317,5,98,121.451409304634,0.604627630450324,0.00955978390063763,NA,0.196541800441192
"18","6/10/12","~1 ~ S500.mean.VPD__4.5m_Grid.1x1m + S500.mean.VPD__8.9m_Grid.1x1m + S500.mean_MaxHeight + 1",-2.65552345176622,1.44615272072174,NA,NA,NA,NA,NA,NA,NA,NA,-0.811890752823249,16.5459321689835,NA,NA,NA,NA,NA,NA,0.811189463729774,16.5454457413766,NA,NA,0.209888984272801,0.149428239239187,NA,NA,-2.28017772637585,0.985974748974012,NA,NA,0,159833958580.088,55.7266002727971,5,98,121.453200545594,0.606418871410483,0.00955122579537033,NA,0.206093026236562
"19","6/8/12","~1 ~ S500.mean.VPD__4.5m_Grid.1x1m + S500.mean.VPD__6.7m_Grid.1x1m + S500.mean_MaxHeight + 1",-2.67941806871416,2.10187998493066,NA,NA,NA,NA,NA,NA,NA,NA,-0.529151431950388,55.9521821504345,NA,NA,0.528436644983504,55.9511338682507,NA,NA,NA,NA,NA,NA,0.210528149531558,0.239082236627146,NA,NA,-2.26483224933282,0.986078667269091,NA,NA,0,1901824765700.8,55.727987349034,5,98,121.455974698068,0.609193023884245,0.00953798670097575,NA,0.215631012937538
"20","4/8/12","~1 ~ S500.mean.VPD__2.3m_Grid.1x1m + S500.mean.VPD__6.7m_Grid.1x1m + S500.mean_MaxHeight + 1",-2.56409999461487,2.01100047888797,NA,NA,NA,NA,-1.58160083268205,28.7910532992212,NA,NA,NA,NA,NA,NA,1.58094791436046,28.7896776106585,NA,NA,NA,NA,NA,NA,0.209613533680418,0.254194237664131,NA,NA,-2.34906197946476,1.02307672228652,NA,NA,0,424503959822.658,55.7288500142647,5,98,121.457700028529,0.610918354345728,0.00952976215950058,NA,0.225160775097039
"21","5/6/12","~1 ~ S500.mean.VPD__3.4m_Grid.1x1m + S500.mean.VPD__4.5m_Grid.1x1m + S500.mean_MaxHeight + 1",-2.68601361736808,3.99627828636438,NA,NA,NA,NA,NA,NA,-0.417678547479667,220.613479419033,0.416960688159661,220.610652510331,NA,NA,NA,NA,NA,NA,NA,NA,NA,NA,0.210740947766239,0.535743505103128,NA,NA,-2.26036146831744,1.02046325044949,NA,NA,0,29675203980524.6,55.7298012430021,5,98,121.459602486004,0.612820811820527,0.00952070148594361,NA,0.234681476582982
"22","4/5/12","~1 ~ S500.mean.VPD__2.3m_Grid.1x1m + S500.mean.VPD__3.4m_Grid.1x1m + S500.mean_MaxHeight + 1",-2.67790316307092,1.38891261823409,NA,NA,NA,NA,-0.574570259582759,52.0605000947628,0.573859056162458,52.0596946332957,NA,NA,NA,NA,NA,NA,NA,NA,NA,NA,NA,NA,0.210779082161161,0.167672456478367,NA,NA,-2.26610740090367,0.983174908204236,NA,NA,0,1629424661781.72,55.730091643572,5,98,121.460183287144,0.613401612960388,0.00951793707021933,NA,0.244199413653202
"23","2/4/12","~1 ~ S500.mean.VPD__1.2m_Grid.1x1m + S500.mean.VPD__2.3m_Grid.1x1m + S500.mean_MaxHeight + 1",-2.69197271437826,1.29669751793227,0.243064280993954,9.7703434949368,NA,NA,-0.243786942110009,9.7704447057001,NA,NA,NA,NA,NA,NA,NA,NA,NA,NA,NA,NA,NA,NA,0.210906923710014,0.12741921968322,NA,NA,-2.25615826928972,0.978604388946797,NA,NA,0,59474429412.3594,55.7305576299128,5,98,121.461115259826,0.614333585641987,0.00951350287476952,NA,0.253712916527971
"24","6/11/12","~1 ~ S500.mean.VPD__4.5m_Grid.1x1m + S500.mean.VPD__9.10m_Grid.1x1m + S500.mean_MaxHeight + 1",-2.64272973132037,1.38192139873998,NA,NA,NA,NA,NA,NA,NA,NA,-0.91508256818597,12.0008815646514,NA,NA,NA,NA,NA,NA,NA,NA,0.914389925908131,12.00047855058,0.20953352822391,0.14034216428107,NA,NA,-2.28743830936125,0.986522991773487,NA,NA,0,81890107962.4584,55.7314375265977,5,98,121.462875053195,0.616093379011673,0.00950513565681227,NA,0.263218052184783
"25","7/10/12","~1 ~ S500.mean.VPD__5.6m_Grid.1x1m + S500.mean.VPD__8.9m_Grid.1x1m + S500.mean_MaxHeight + 1",-2.67909220764232,1.36873958073842,NA,NA,NA,NA,NA,NA,NA,NA,NA,NA,-0.495151821936636,20.2064829892102,NA,NA,NA,NA,0.494438045494784,20.2061047511729,NA,NA,0.210338416697491,0.13820876560167,NA,NA,-2.2635740034576,0.980008751264917,NA,NA,0,247134494845.9,55.7314844295419,5,98,121.462968859084,0.616187184900141,0.00950468984841957,NA,0.272722742033203
"26","7/9/12","~1 ~ S500.mean.VPD__5.6m_Grid.1x1m + S500.mean.VPD__7.8m_Grid.1x1m + S500.mean_MaxHeight + 1",-2.68630115978483,1.42931159779541,NA,NA,NA,NA,NA,NA,NA,NA,NA,NA,-0.372671750464494,31.5287658123122,NA,NA,0.371953529641586,31.5283249943062,NA,NA,NA,NA,0.210559968968265,0.146455494946085,NA,NA,-2.25922553644082,0.979553572505251,NA,NA,0,609805787379.883,55.7316542024899,5,98,121.46330840498,0.616526730796011,0.00950307634617319,NA,0.282225818379376
"27","6/7/12","~1 ~ S500.mean.VPD__4.5m_Grid.1x1m + S500.mean.VPD__5.6m_Grid.1x1m + S500.mean_MaxHeight + 1",-2.68960015206702,NA,NA,NA,NA,NA,NA,NA,NA,NA,-0.309640712771588,NA,0.308920800448993,NA,NA,NA,NA,NA,NA,NA,NA,NA,0.210695246222729,NA,NA,NA,-2.25728242509006,0.962758708501203,NA,NA,0,-18344170050398.1,55.7318914427648,5,98,121.46378288553,0.617001211345965,0.00950082210113712,NA,0.291726640480513
"28","7/8/12","~1 ~ S500.mean.VPD__5.6m_Grid.1x1m + S500.mean.VPD__6.7m_Grid.1x1m + S500.mean_MaxHeight + 1",-2.69193609931826,1.62324210094801,NA,NA,NA,NA,NA,NA,NA,NA,NA,NA,-0.217734600112569,76.0763579637641,0.217013369321508,76.0757408020549,NA,NA,NA,NA,NA,NA,0.210703024295212,0.172912736839557,NA,NA,-2.25541582189258,0.979460699801266,NA,NA,0,3582857109892.32,55.7331567753998,5,98,121.4663135508,0.61953187661598,0.00948880800339108,NA,0.301215448483904
"29","7/11/12","~1 ~ S500.mean.VPD__5.6m_Grid.1x1m + S500.mean.VPD__9.10m_Grid.1x1m + S500.mean_MaxHeight + 1",-2.67097936057942,1.33334800704599,NA,NA,NA,NA,NA,NA,NA,NA,NA,NA,-0.595654476811608,14.203731177481,NA,NA,NA,NA,NA,NA,0.59494638015271,14.203406250733,0.21010439065516,0.133507072146806,NA,NA,-2.26813740399935,0.980075480350675,NA,NA,0,119998193634.106,55.7335423323407,5,98,121.467084664681,0.620302990497677,0.00948515023278973,NA,0.310700598716694
"30","8/10/12","~1 ~ S500.mean.VPD__6.7m_Grid.1x1m + S500.mean.VPD__8.9m_Grid.1x1m + S500.mean_MaxHeight + 1",-2.68939310002862,1.31491953244211,NA,NA,NA,NA,NA,NA,NA,NA,NA,NA,NA,NA,-0.276061541519668,29.2015511504088,NA,NA,0.275342123483414,29.2012419628487,NA,NA,0.210589319043234,0.130754691210458,NA,NA,-2.25662002369038,0.977810072877094,NA,NA,0,524824973444.775,55.7337878109999,5,98,121.467575622,0.620793947816139,0.00948282211659109,NA,0.320183420833285
"31","8/9/12","~1 ~ S500.mean.VPD__6.7m_Grid.1x1m + S500.mean.VPD__7.8m_Grid.1x1m + S500.mean_MaxHeight + 1",-2.69307138386842,1.34152602373726,NA,NA,NA,NA,NA,NA,NA,NA,NA,NA,NA,NA,-0.154558945771545,58.0924660663799,0.153837187270547,58.0921255624229,NA,NA,NA,NA,0.21070985046101,0.134223538961188,NA,NA,-2.2544671469978,0.97766770078163,NA,NA,0,2092017337714.17,55.7338924898682,5,98,121.467784979736,0.621003305552776,0.00948182951745644,NA,0.329665250350742
"32","9/10/12","~1 ~ S500.mean.VPD__7.8m_Grid.1x1m + S500.mean.VPD__8.9m_Grid.1x1m + S500.mean_MaxHeight + 1",-2.69350799674224,1.29263108478691,NA,NA,NA,NA,NA,NA,NA,NA,NA,NA,NA,NA,NA,NA,-0.121612860105879,59.2970857929362,0.12089096354012,59.2968056936378,NA,NA,0.210717002744671,0.127912447465918,NA,NA,-2.25409726991752,0.97727314682052,NA,NA,0,2180319350742.45,55.7342807745612,5,98,121.468561549122,0.621779874938682,0.00947814858286515,NA,0.339143398933607
"33","10/11/12","~1 ~ S500.mean.VPD__8.9m_Grid.1x1m + S500.mean.VPD__9.10m_Grid.1x1m + S500.mean_MaxHeight + 1",-2.69376861048824,1.27191589023939,NA,NA,NA,NA,NA,NA,NA,NA,NA,NA,NA,NA,NA,NA,NA,NA,-0.0993466533308747,49.3011446264961,0.0986246442200426,49.3009404781844,0.210732022308543,0.125533707557488,NA,NA,-2.25394120687151,0.976949356613436,NA,NA,0,1507613485973.39,55.7344775529344,5,98,121.468955105869,0.622173431685155,0.00947628367169883,NA,0.348619682605306
"34","3/11/12","~1 ~ S500.mean.VPD__10.11m_Grid.1x1m + S500.mean.VPD__9.10m_Grid.1x1m + S500.mean_MaxHeight + 1",-2.69390044367676,1.29181872415353,NA,NA,0.0895560574934986,45.0913061287556,NA,NA,NA,NA,NA,NA,NA,NA,NA,NA,NA,NA,NA,NA,-0.0902781411102824,45.0914962619564,0.2107448900294,0.128834085252148,NA,NA,-2.25389912993415,0.976703137334957,NA,NA,0,1261483488146.47,55.7345201940599,5,98,121.46904038812,0.622258713936063,0.00947587960091303,NA,0.358095562206219
"35","8/11/12","~1 ~ S500.mean.VPD__6.7m_Grid.1x1m + S500.mean.VPD__9.10m_Grid.1x1m + S500.mean_MaxHeight + 1",-2.68442747608531,1.297200467528,NA,NA,NA,NA,NA,NA,NA,NA,NA,NA,NA,NA,-0.375487625055715,18.3123264572185,NA,NA,NA,NA,0.374771807685939,18.3120566312253,0.210438880050888,0.128568975191462,NA,NA,-2.25933743777479,0.977658740563268,NA,NA,0,204092386192.651,55.7348934081556,5,98,121.469786816311,0.623005142127553,0.00947234372893606,NA,0.367567905935155
"36","9/11/12","~1 ~ S500.mean.VPD__7.8m_Grid.1x1m + S500.mean.VPD__9.10m_Grid.1x1m + S500.mean_MaxHeight + 1",-2.69081753600451,1.28101299485477,NA,NA,NA,NA,NA,NA,NA,NA,NA,NA,NA,NA,NA,NA,-0.220683879885754,26.9550964789382,NA,NA,0.219964014129735,26.9548574926026,0.210633946584277,0.126575099255908,NA,NA,-2.25552550089396,0.977028698187892,NA,NA,0,447664102501.791,55.7349451569801,5,98,121.46989031396,0.623108639776589,0.00947185355896562,NA,0.37703975949412
"37","5/11/12","~1 ~ S500.mean.VPD__3.4m_Grid.1x1m + S500.mean.VPD__9.10m_Grid.1x1m + S500.mean_MaxHeight + 1",-2.58624444042018,1.40953167128272,NA,NA,NA,NA,NA,NA,-1.36348979766985,9.91218435989586,NA,NA,NA,NA,NA,NA,NA,NA,NA,NA,1.36282624100374,9.91172117032178,0.208676673135796,0.144278143799384,NA,NA,-2.32695085493941,1.00253798349509,NA,NA,0,51488906866.9372,55.7350437300309,5,98,121.470087460062,0.623305785878074,0.00947091993547994,NA,0.3865106794296
"38","2/6/12","~1 ~ S500.mean.VPD__1.2m_Grid.1x1m + S500.mean.VPD__4.5m_Grid.1x1m + S500.mean_MaxHeight + 1",-2.66549102142673,1.25422984564096,-0.747973045630585,7.2122528176172,NA,NA,NA,NA,NA,NA,0.74727305313704,7.21212425964172,NA,NA,NA,NA,NA,NA,NA,NA,NA,NA,0.210248077698954,0.119386952232776,NA,NA,-2.27365127625613,0.978649030399769,NA,NA,0,30140088499.0041,55.7350482711232,5,98,121.470096542246,0.623314868062764,0.00947087692725558,NA,0.395981556356856
"39","3/10/12","~1 ~ S500.mean.VPD__10.11m_Grid.1x1m + S500.mean.VPD__8.9m_Grid.1x1m + S500.mean_MaxHeight + 1",-2.69163792878212,1.28319230461712,NA,NA,0.188587823029576,23.9597320408407,NA,NA,NA,NA,NA,NA,NA,NA,NA,NA,NA,NA,-0.189307994580229,23.9599323107397,NA,NA,0.210686361958332,0.12745974720686,NA,NA,-2.25506094042461,0.976614969277879,NA,NA,0,354028467862.944,55.7354309987665,5,98,121.470861997533,0.624080323349276,0.00946725285441031,NA,0.405448809211266
"40","2/7/12","~1 ~ S500.mean.VPD__1.2m_Grid.1x1m + S500.mean.VPD__5.6m_Grid.1x1m + S500.mean_MaxHeight + 1",-2.6345866441679,1.26386254720953,-1.06901257629988,7.73792088986933,NA,NA,NA,NA,NA,NA,NA,NA,1.06833093262963,7.73769989369146,NA,NA,NA,NA,NA,NA,NA,NA,0.209757684319572,0.120764313925739,NA,NA,-2.29574619686427,0.985741728820591,NA,NA,0,32861067199.1996,55.7361218480815,5,98,121.472243696163,0.625462021979374,0.0094607146679713,NA,0.414909523879237
"41","2/5/12","~1 ~ S500.mean.VPD__1.2m_Grid.1x1m + S500.mean.VPD__3.4m_Grid.1x1m + S500.mean_MaxHeight + 1",-2.68879557641639,1.2588960302004,-0.327541794680192,7.30021242868501,NA,NA,NA,NA,0.32682536587498,7.30017582546453,NA,NA,NA,NA,NA,NA,NA,NA,NA,NA,NA,NA,0.210544378911045,0.12023008586136,NA,NA,-2.25673682705302,0.975185718922865,NA,NA,0,32461450715.755,55.7364786891276,5,98,121.472957378255,0.626175704071571,0.00945733929892326,NA,0.424366863178161
"42","3/9/12","~1 ~ S500.mean.VPD__10.11m_Grid.1x1m + S500.mean.VPD__7.8m_Grid.1x1m + S500.mean_MaxHeight + 1",-2.68698055668032,1.28694040783011,NA,NA,0.310082719986822,17.2180258464882,NA,NA,NA,NA,NA,NA,NA,NA,NA,NA,-0.310799383723893,17.2182511717888,NA,NA,NA,NA,0.210543300991402,0.127698480946414,NA,NA,-2.25755244944188,0.976609272312965,NA,NA,0,180835824777.682,55.7365627619401,5,98,121.47312552388,0.626343849696454,0.00945654422723262,NA,0.433823407405393
"43","3/8/12","~1 ~ S500.mean.VPD__10.11m_Grid.1x1m + S500.mean.VPD__6.7m_Grid.1x1m + S500.mean_MaxHeight + 1",-2.67850824890268,1.29751268825037,NA,NA,0.465350861953873,13.1943143915795,NA,NA,NA,NA,NA,NA,NA,NA,-0.46606192207289,13.1945645597963,NA,NA,NA,NA,NA,NA,0.210298339370979,0.128806548189088,NA,NA,-2.26253813919397,0.977279332587277,NA,NA,0,104385029692.489,55.7373851211778,5,98,121.474770242356,0.627988568171929,0.00944877074746481,NA,0.443272178152858
"44","3/7/12","~1 ~ S500.mean.VPD__10.11m_Grid.1x1m + S500.mean.VPD__5.6m_Grid.1x1m + S500.mean_MaxHeight + 1",-2.66215112186533,1.32368942705256,NA,NA,0.686732532303603,10.8479791941681,NA,NA,NA,NA,NA,NA,-0.687433795145952,10.8482733181767,NA,NA,NA,NA,NA,NA,NA,NA,0.209902668809186,0.132212649246194,NA,NA,-2.2730283259178,0.979891467055887,NA,NA,0,68517741445.9604,55.737740262515,5,98,121.47548052503,0.628698850846305,0.00944541569418109,NA,0.452717593847039
"45","3/6/12","~1 ~ S500.mean.VPD__10.11m_Grid.1x1m + S500.mean.VPD__4.5m_Grid.1x1m + S500.mean_MaxHeight + 1",-2.62951921569439,1.35742148527424,NA,NA,1.00897552348377,9.33504897563971,NA,NA,NA,NA,-1.00965835385419,9.33540224876218,NA,NA,NA,NA,NA,NA,NA,NA,NA,NA,0.209240121650433,0.136640777981394,NA,NA,-2.29481912298539,0.986851299626827,NA,NA,0,48061241208.7782,55.7397326723544,5,98,121.479465344709,0.632683670525012,0.0094266152902894,NA,0.462144209137329
"46","2/8/12","~1 ~ S500.mean.VPD__1.2m_Grid.1x1m + S500.mean.VPD__6.7m_Grid.1x1m + S500.mean_MaxHeight + 1",-2.60392637723127,1.28234066360632,-1.30235871110057,8.39047906219538,NA,NA,NA,NA,NA,NA,NA,NA,NA,NA,1.30169341955136,8.39016953726485,NA,NA,NA,NA,NA,NA,0.209121161185943,0.123555247112128,NA,NA,-2.31681281864272,0.993879751324291,NA,NA,0,36842766529.705,55.7417386992372,5,98,121.483477398474,0.636695724290746,0.00940772420095419,NA,0.471551933338283
"47","4/9/12","~1 ~ S500.mean.VPD__2.3m_Grid.1x1m + S500.mean.VPD__7.8m_Grid.1x1m + S500.mean_MaxHeight + 1",-2.5291946687271,1.5627171225461,NA,NA,NA,NA,-1.76038096227875,14.7744575538144,NA,NA,NA,NA,NA,NA,NA,NA,1.7597450613709,14.7736607169616,NA,NA,NA,NA,0.208753262456005,0.174509684807535,NA,NA,-2.37110132027839,1.02671281405039,NA,NA,0,106570748734.204,55.7433040004787,5,98,121.486608000957,0.639826326773729,0.00939300979782397,NA,0.480944943136107
"48","2/9/12","~1 ~ S500.mean.VPD__1.2m_Grid.1x1m + S500.mean.VPD__7.8m_Grid.1x1m + S500.mean_MaxHeight + 1",-2.57569652922085,1.29903642023107,-1.47300014058427,8.5162225453018,NA,NA,NA,NA,NA,NA,NA,NA,NA,NA,NA,NA,1.47234972739771,8.51585669087742,NA,NA,NA,NA,0.208352547998765,0.125905755217702,NA,NA,-2.3346874109225,1.00082105427197,NA,NA,0,36348481941.4042,55.7526960789747,5,98,121.505392157949,0.658610483765685,0.00930520290257688,NA,0.490250146038684
"49","3/5/12","~1 ~ S500.mean.VPD__10.11m_Grid.1x1m + S500.mean.VPD__3.4m_Grid.1x1m + S500.mean_MaxHeight + 1",-2.56625953378742,1.37915199855912,NA,NA,1.46335062618033,7.86857136308614,NA,NA,-1.46400021613846,7.86897294646426,NA,NA,NA,NA,NA,NA,NA,NA,NA,NA,NA,NA,0.208233142298797,0.139033172289847,NA,NA,-2.33801744590342,1.00427978254627,NA,NA,0,31079350616.8864,55.7529244362081,5,98,121.505848872416,0.659067198232435,0.00930307823478691,NA,0.499553224273471
"50","4/10/12","~1 ~ S500.mean.VPD__2.3m_Grid.1x1m + S500.mean.VPD__8.9m_Grid.1x1m + S500.mean_MaxHeight + 1",-2.49573396882782,1.44958186523134,NA,NA,NA,NA,-1.90487760679233,10.3521879782269,NA,NA,NA,NA,NA,NA,NA,NA,NA,NA,1.90425976722008,10.3515781800945,NA,NA,0.207759937266013,0.152333232272551,NA,NA,-2.39020290989666,1.03293376410378,NA,NA,0,49636532353.6022,55.7676482596084,5,98,121.535296519217,0.688514845033012,0.00916710483442087,NA,0.508720329107891
"51","2/10/12","~1 ~ S500.mean.VPD__1.2m_Grid.1x1m + S500.mean.VPD__8.9m_Grid.1x1m + S500.mean_MaxHeight + 1",-2.54822368124196,1.30928180106824,-1.61080512165004,8.15105939855923,NA,NA,NA,NA,NA,NA,NA,NA,NA,NA,NA,NA,NA,NA,1.61017031289373,8.15066924748189,NA,NA,0.207482577822745,0.127077505648747,NA,NA,-2.35047231379401,1.00620794925741,NA,NA,0,31789860017.9464,55.7711592049049,5,98,121.54231840981,0.695536735626092,0.00913497606499908,NA,0.51785530517289
"52","2/11/12","~1 ~ S500.mean.VPD__1.2m_Grid.1x1m + S500.mean.VPD__9.10m_Grid.1x1m + S500.mean_MaxHeight + 1",-2.52138685318174,1.31605421192116,-1.72651330464578,7.60904147464638,NA,NA,NA,NA,NA,NA,NA,NA,NA,NA,NA,NA,NA,NA,NA,NA,1.72589499909945,7.60864450818095,0.20668066767971,0.12776463011544,NA,NA,-2.36505582427107,1.01066192130526,NA,NA,0,26361692351.483,55.79776076792,5,98,121.59552153584,0.74873986165629,0.0088951751047017,NA,0.526750480277592
"53","4/11/12","~1 ~ S500.mean.VPD__2.3m_Grid.1x1m + S500.mean.VPD__9.10m_Grid.1x1m + S500.mean_MaxHeight + 1",-2.46340975483822,1.39939387037552,NA,NA,NA,NA,-2.02626808971139,7.88575387211951,NA,NA,NA,NA,NA,NA,NA,NA,NA,NA,NA,NA,2.02566949159064,7.88525511060115,0.206837459617277,0.141679667586449,NA,NA,-2.40757097755747,1.03847394456364,NA,NA,0,27193045438.8031,55.8024759358228,5,98,121.604951871646,0.758170197461894,0.00885333158768727,NA,0.535603811865279
"54","2/3/12","~1 ~ S500.mean.VPD__1.2m_Grid.1x1m + S500.mean.VPD__10.11m_Grid.1x1m + S500.mean_MaxHeight + 1",-2.49466663305637,1.32473922000496,-1.83406150290975,7.13502905160239,1.83346072148487,7.13462563555533,NA,NA,NA,NA,NA,NA,NA,NA,NA,NA,NA,NA,NA,NA,NA,NA,0.206014561356917,0.128842278336182,NA,NA,-2.37943972970594,1.01489371684114,NA,NA,0,21968121384.2036,55.8313680996935,5,98,121.662736199387,0.815954525203239,0.00860119953971933,NA,0.544205011404999
"55","3/4/12","~1 ~ S500.mean.VPD__10.11m_Grid.1x1m + S500.mean.VPD__2.3m_Grid.1x1m + S500.mean_MaxHeight + 1",-2.43150422722011,1.3815183382216,NA,NA,2.13847198771477,6.42389724940838,-2.13905014720314,6.42433171297489,NA,NA,NA,NA,NA,NA,NA,NA,NA,NA,NA,NA,NA,NA,0.206071122971792,0.136906505502857,NA,NA,-2.42448696382812,1.04393616385051,NA,NA,0,16953242478.2482,55.8461581349112,5,98,121.692316269822,0.845534595638682,0.0084749236101802,NA,0.552679935015179
"56","3/12/13","~1 ~ S500.mean.VPD__10.11m_Grid.1x1m + S500.mean_MaxHeight + S500.sd_PercCanopyDensity + 1",-2.06911194155948,4.67915927648247,NA,NA,-0.000548824616734442,0.000118880473478901,NA,NA,NA,NA,NA,NA,NA,NA,NA,NA,NA,NA,NA,NA,NA,NA,0.200306874759256,0.185946811766848,-0.0133073302347763,0.128109026620391,-2.58474243034165,1.04920237101947,NA,NA,0,1949888564.77096,55.9849786260747,5,98,121.969957252149,1.12317557796578,0.00737644008195769,NA,0.560056375097137
"57","11/12/13","~1 ~ S500.mean.VPD__9.10m_Grid.1x1m + S500.mean_MaxHeight + S500.sd_PercCanopyDensity + 1",-2.06909331615397,4.67976528330663,NA,NA,NA,NA,NA,NA,NA,NA,NA,NA,NA,NA,NA,NA,NA,NA,NA,NA,-0.000548843114900128,0.000118905920236168,0.200302891105643,0.185972122466827,-0.0133171401444516,0.128126710890448,-2.58472781994381,1.04891675391881,NA,NA,0,1949635070.83407,55.9851668092371,5,98,121.970333618474,1.1235519442905,0.00737505209073851,NA,0.567431427187875
"58","10/12/13","~1 ~ S500.mean.VPD__8.9m_Grid.1x1m + S500.mean_MaxHeight + S500.sd_PercCanopyDensity + 1",-2.06907612916517,4.68029959713783,NA,NA,NA,NA,NA,NA,NA,NA,NA,NA,NA,NA,NA,NA,NA,NA,-0.000548859908103861,0.000118928351398058,NA,NA,0.20029932027223,0.185994433546628,-0.0133258210908066,0.128142304737361,-2.58471480215657,1.04866473842262,NA,NA,0,1949411787.59468,55.9853320843194,5,98,121.970664168639,1.12388249445507,0.0073738332791197,NA,0.574805260466995
"59","9/12/13","~1 ~ S500.mean.VPD__7.8m_Grid.1x1m + S500.mean_MaxHeight + S500.sd_PercCanopyDensity + 1",-2.06906079924867,4.68073899553158,NA,NA,NA,NA,NA,NA,NA,NA,NA,NA,NA,NA,NA,NA,-0.000548874271618456,0.000118946858079434,NA,NA,NA,NA,0.20029633456716,0.186012762828589,-0.0133329878113079,0.128155125734372,-2.58470389717332,1.04845784844683,NA,NA,0,1949226692.14732,55.9854658836482,5,98,121.970931767296,1.12415009311268,0.00737284673117747,NA,0.582178107198172
"60","8/12/13","~1 ~ S500.mean.VPD__6.7m_Grid.1x1m + S500.mean_MaxHeight + S500.sd_PercCanopyDensity + 1",-2.06904529992311,4.6811569913705,NA,NA,NA,NA,NA,NA,NA,NA,NA,NA,NA,NA,-0.000548888600624331,0.000118964525551719,NA,NA,NA,NA,NA,NA,0.200293495903038,0.186030202160639,-0.0133398385151913,0.128167319269949,-2.58469342469501,1.04826135066624,NA,NA,0,1949049277.96911,55.9855907077044,5,98,121.971181415409,1.12439974122501,0.00737192647997894,NA,0.589550033678151
"61","7/12/13","~1 ~ S500.mean.VPD__5.6m_Grid.1x1m + S500.mean_MaxHeight + S500.sd_PercCanopyDensity + 1",-2.06902607318256,4.68168847008854,NA,NA,NA,NA,NA,NA,NA,NA,NA,NA,-0.000548907020184631,0.000118987076082833,NA,NA,NA,NA,NA,NA,NA,NA,0.200289954557205,0.186052401719352,-0.013348553678096,0.128182818169835,-2.58468016363867,1.0480116325208,NA,NA,0,1948821515.14219,55.9857488165052,5,98,121.97149763301,1.12471595882661,0.00737076100566188,NA,0.596920794683813
"62","6/12/13","~1 ~ S500.mean.VPD__4.5m_Grid.1x1m + S500.mean_MaxHeight + S500.sd_PercCanopyDensity + 1",-2.06899917182735,4.68247576332832,NA,NA,NA,NA,NA,NA,NA,NA,-0.000548933741733177,0.000119020411357437,NA,NA,NA,NA,NA,NA,NA,NA,NA,NA,0.200284791570608,0.186085317554967,-0.0133614314763478,0.128205776796009,-2.58466060985403,1.04764190736171,NA,NA,0,1948485830.28691,55.9859856441511,5,98,121.971971288302,1.12518961411847,0.00736901561237106,NA,0.604289810296184
"63","5/12/13","~1 ~ S500.mean.VPD__3.4m_Grid.1x1m + S500.mean_MaxHeight + S500.sd_PercCanopyDensity + 1",-2.06895993139707,4.68364161772792,NA,NA,NA,NA,NA,NA,-0.000548972260218675,0.000119069546590638,NA,NA,NA,NA,NA,NA,NA,NA,NA,NA,NA,NA,0.200277229474644,0.186134053359127,-0.0133804833296641,0.128239769364217,-2.58463185322378,1.04709546459017,NA,NA,0,1947994844.06589,55.9863416346912,5,98,121.972683269382,1.12590159519863,0.00736639277940292,NA,0.611656203075587
"64","2/12/13","~1 ~ S500.mean.VPD__1.2m_Grid.1x1m + S500.mean_MaxHeight + S500.sd_PercCanopyDensity + 1",-2.06893433408127,4.68439246981286,-0.000548998248754398,0.000119100303766456,NA,NA,NA,NA,NA,NA,NA,NA,NA,NA,NA,NA,NA,NA,NA,NA,NA,NA,0.200272159354762,0.186165383808797,-0.0133927375677265,0.128261652914696,-2.58461270447708,1.04674364458019,NA,NA,0,1947700960.42546,55.9865738676664,5,98,121.973147735333,1.12636606114906,0.0073646822587185,NA,0.619020885334306
"65","4/12/13","~1 ~ S500.mean.VPD__2.3m_Grid.1x1m + S500.mean_MaxHeight + S500.sd_PercCanopyDensity + 1",-2.06889569829612,4.68561949364806,NA,NA,NA,NA,-0.000549035269791165,0.000119152455048638,NA,NA,NA,NA,NA,NA,NA,NA,NA,NA,NA,NA,NA,NA,0.200264429043924,0.186216709432252,-0.0134127071040858,0.128297442447246,-2.58458333137206,1.04617069592426,NA,NA,0,1947174103.00247,55.9869620587006,5,98,121.973924117401,1.12714244321756,0.00736182390992412,NA,0.62638270924423
"66","4","~1 ~ S500.mean.VPD__2.3m_Grid.1x1m + 1",-1.33811809700902,0.601309548527999,NA,NA,NA,NA,-0.000509328514573858,8.92189071372402e-05,NA,NA,NA,NA,NA,NA,NA,NA,NA,NA,NA,NA,NA,NA,NA,NA,NA,NA,-1.90249909953278,0.715047544843782,NA,NA,0,121317577.964673,58.1756318307267,3,98,122.351263661453,1.50448198726974,0.0060960312449937,NA,0.632478740489223
"67","2","~1 ~ S500.mean.VPD__1.2m_Grid.1x1m + 1",-1.33811053663372,0.601301645675075,-0.000509261864548009,8.92285572594773e-05,NA,NA,NA,NA,NA,NA,NA,NA,NA,NA,NA,NA,NA,NA,NA,NA,NA,NA,NA,NA,NA,NA,-1.90249647527164,0.715033170439543,NA,NA,0,121285661.237964,58.1756584468743,3,98,122.351316893749,1.50453521956491,0.00609586899428565,NA,0.638574609483509
"68","5","~1 ~ S500.mean.VPD__3.4m_Grid.1x1m + 1",-1.33810583333841,0.601298301726051,NA,NA,NA,NA,NA,NA,-0.00050922899083097,8.92322881868415e-05,NA,NA,NA,NA,NA,NA,NA,NA,NA,NA,NA,NA,NA,NA,NA,NA,-1.90249484150596,0.715027385647397,NA,NA,0,121273090.850447,58.1756790071096,3,98,122.351358014219,1.50457634003553,0.00609574366307315,NA,0.644670353146582
"69","6","~1 ~ S500.mean.VPD__4.5m_Grid.1x1m + 1",-1.33809812286514,0.601291522522126,NA,NA,NA,NA,NA,NA,NA,NA,-0.000509168347501716,8.92402105534257e-05,NA,NA,NA,NA,NA,NA,NA,NA,NA,NA,NA,NA,NA,NA,-1.90249225835314,0.715015312826032,NA,NA,0,121246656.821707,58.1757109531371,3,98,122.351421906274,1.50464023209045,0.00609554893138915,NA,0.650765902077971
"70","7","~1 ~ S500.mean.VPD__5.6m_Grid.1x1m + 1",-1.33809276952776,0.601286984338246,NA,NA,NA,NA,NA,NA,NA,NA,NA,NA,-0.000509127312416987,8.92454394139825e-05,NA,NA,NA,NA,NA,NA,NA,NA,NA,NA,NA,NA,-1.90249050624296,0.715007283014538,NA,NA,0,121229159.982901,58.1757341952829,3,98,122.351468390566,1.50468671638217,0.0060954072593982,NA,0.65686130933737
"71","8","~1 ~ S500.mean.VPD__6.7m_Grid.1x1m + 1",-1.33808907597092,0.601283922262309,NA,NA,NA,NA,NA,NA,NA,NA,NA,NA,NA,NA,-0.000509099486515546,8.92489397539318e-05,NA,NA,NA,NA,NA,NA,NA,NA,NA,NA,-1.90248931002234,0.715001895266148,NA,NA,0,121217437.513406,58.1757506072528,3,98,122.351501214506,1.50471954032197,0.00609530722257861,NA,0.662956616559948
"72","9","~1 ~ S500.mean.VPD__7.8m_Grid.1x1m + 1",-1.33808621460399,0.60128153752349,NA,NA,NA,NA,NA,NA,NA,NA,NA,NA,NA,NA,NA,NA,-0.000509077744618008,8.92517262476931e-05,NA,NA,NA,NA,NA,NA,NA,NA,-1.90248838204848,0.714997673849427,NA,NA,0,121208149.044106,58.1757633678941,3,98,122.351526735788,1.50474506160458,0.00609522944304577,NA,0.669051846002994
"73","10","~1 ~ S500.mean.VPD__8.9m_Grid.1x1m + 1",-1.33808341823091,0.601279056086182,NA,NA,NA,NA,NA,NA,NA,NA,NA,NA,NA,NA,NA,NA,NA,NA,-0.000509055638843768,8.92546680789391e-05,NA,NA,NA,NA,NA,NA,-1.902487454776,0.714993247586611,NA,NA,0,121198377.406666,58.1757751197235,3,98,122.351550239447,1.50476856526339,0.00609515781337006,NA,0.675147003816364
"74","11","~1 ~ S500.mean.VPD__9.10m_Grid.1x1m + 1",-1.33808031715031,0.601276090628766,NA,NA,NA,NA,NA,NA,NA,NA,NA,NA,NA,NA,NA,NA,NA,NA,NA,NA,-0.000509029771223811,8.925826158998e-05,NA,NA,NA,NA,-1.90248636064496,0.71498791029542,NA,NA,0,121186499.681257,58.1757866092375,3,98,122.351573218475,1.50479154429127,0.00609508778337172,NA,0.681242091599736
"75","3","~1 ~ S500.mean.VPD__10.11m_Grid.1x1m + 1",-1.33807696099515,0.601272740882224,NA,NA,-0.000509000935289528,8.92623249786325e-05,NA,NA,NA,NA,NA,NA,NA,NA,NA,NA,NA,NA,NA,NA,NA,NA,NA,NA,NA,NA,-1.90248513919057,0.714981864779342,NA,NA,0,121173069.053763,58.1757979532984,3,98,122.351595906597,1.50481423241303,0.00609501864071701,NA,0.687337110240453
"76","1/4/12","~Julian + 1 ~ S500.mean.VPD__2.3m_Grid.1x1m + S500.mean_MaxHeight + 1",-2.95597868983572,1.2913958649078,NA,NA,NA,NA,-0.000538573439938817,0.000147553840980765,NA,NA,NA,NA,NA,NA,NA,NA,NA,NA,NA,NA,NA,NA,0.224318243941096,0.128608915094327,NA,NA,-1.13068125751036,3.62516849372982,-0.00570714394676211,0.0191991157550383,0,840642936.93533,56.2246908382745,5,98,122.449381676549,1.60260000236538,0.00580418341680001,NA,0.693141293657253
"77","1/2/12","~Julian + 1 ~ S500.mean.VPD__1.2m_Grid.1x1m + S500.mean_MaxHeight + 1",-2.95601702405321,1.29139951468126,-0.000538558924363383,0.000147557632554816,NA,NA,NA,NA,NA,NA,NA,NA,NA,NA,NA,NA,NA,NA,NA,NA,NA,NA,0.224320673127959,0.128609703881456,NA,NA,-1.13065729679614,3.62517057798857,-0.00570724734329732,0.0191991812056384,0,840595348.688766,56.2247472340813,5,98,122.449494468163,1.60271279397885,0.00580385609442366,NA,0.698945149751676
"78","1/5/12","~Julian + 1 ~ S500.mean.VPD__3.4m_Grid.1x1m + S500.mean_MaxHeight + 1",-2.95606155049697,1.29140863412944,NA,NA,NA,NA,NA,NA,-0.000538541018492277,0.000147563597806102,NA,NA,NA,NA,NA,NA,NA,NA,NA,NA,NA,NA,0.224324148395656,0.128611000351761,NA,NA,-1.13062718294813,3.62517339529448,-0.0057074081020442,0.0191992524406381,0,840528381.89442,56.2248058835554,5,98,122.449611767111,1.60283009292714,0.00580351571129747,NA,0.704748665462974
"79","1/6/12","~Julian + 1 ~ S500.mean.VPD__4.5m_Grid.1x1m + S500.mean_MaxHeight + 1",-2.95611412402091,1.2914165166724,NA,NA,NA,NA,NA,NA,NA,NA,-0.000538519102419644,0.000147569604068636,NA,NA,NA,NA,NA,NA,NA,NA,NA,NA,0.224327943666384,0.128612313058515,NA,NA,-1.13059170820158,3.62517713275961,-0.00570758467856248,0.0191993435616451,0,840456813.548172,56.2248845036921,5,98,122.449769007384,1.60298733320047,0.00580305945603474,NA,0.710551724919009
"80","1/7/12","~Julian + 1 ~ S500.mean.VPD__5.6m_Grid.1x1m + S500.mean_MaxHeight + 1",-2.95615305346176,1.29142225791349,NA,NA,NA,NA,NA,NA,NA,NA,NA,NA,-0.000538502817433797,0.000147573855643552,NA,NA,NA,NA,NA,NA,NA,NA,0.224330830422991,0.128613272104843,NA,NA,-1.1305653502013,3.62517921614365,-0.00570771847537183,0.0191994067332304,0,840405215.747118,56.2249424286414,5,98,122.449884857283,1.60310318309917,0.00580272332384502,NA,0.716354448242854
"81","1/8/12","~Julian + 1 ~ S500.mean.VPD__6.7m_Grid.1x1m + S500.mean_MaxHeight + 1",-2.95618166210764,1.29142647365918,NA,NA,NA,NA,NA,NA,NA,NA,NA,NA,NA,NA,-0.000538491074885387,0.00014757684810291,NA,NA,NA,NA,NA,NA,0.224332995020387,0.128613972265949,NA,NA,-1.13054587772485,3.62518161585543,-0.00570781853638246,0.0191994570571063,0,840369047.334171,56.2249837695646,5,98,122.449967539129,1.60318586494549,0.00580248343886453,NA,0.722156931681718
"82","1/9/12","~Julian + 1 ~ S500.mean.VPD__7.8m_Grid.1x1m + S500.mean_MaxHeight + 1",-2.95620529707164,1.29143003826455,NA,NA,NA,NA,NA,NA,NA,NA,NA,NA,NA,NA,NA,NA,-0.000538482001956481,0.000147579289403664,NA,NA,NA,NA,0.224334816361695,0.128614552929738,NA,NA,-1.1305301331918,3.62518269417774,-0.0057078996869266,0.0191994929366698,0,840339425.67064,56.2250153256005,5,98,122.450030651201,1.60324897701736,0.0058023003383776,NA,0.727959232020096
"83","1/10/12","~Julian + 1 ~ S500.mean.VPD__8.9m_Grid.1x1m + S500.mean_MaxHeight + 1",-2.95622861378335,1.29143348786198,NA,NA,NA,NA,NA,NA,NA,NA,NA,NA,NA,NA,NA,NA,NA,NA,-0.00053847391110781,0.000147581667476744,NA,NA,0.224336612337685,0.128615120064025,NA,NA,-1.13051531028472,3.62518426174221,-0.00570797493275344,0.0191995302989187,0,840311182.77934,56.2250431128085,5,98,122.450086225617,1.6033045514333,0.00580213911089144,NA,0.733761371130987
"84","1/11/12","~Julian + 1 ~ S500.mean.VPD__9.10m_Grid.1x1m + S500.mean_MaxHeight + 1",-2.95625312277646,1.29143692787558,NA,NA,NA,NA,NA,NA,NA,NA,NA,NA,NA,NA,NA,NA,NA,NA,NA,NA,-0.000538466082261266,0.00014758414179869,0.224338449339254,0.128615698076228,NA,NA,-1.13050054572875,3.62518506156139,-0.00570804714104951,0.019199564863546,0,840281661.323018,56.2250695988252,5,98,122.45013919765,1.60335752346664,0.00580198543737332,NA,0.739563356568361
"85","1/3/12","~Julian + 1 ~ S500.mean.VPD__10.11m_Grid.1x1m + S500.mean_MaxHeight + 1",-2.95627789030072,1.29144026252493,NA,NA,-0.000538458441444939,0.000147586591214854,NA,NA,NA,NA,NA,NA,NA,NA,NA,NA,NA,NA,NA,NA,NA,NA,0.22434025262756,0.128616262516193,NA,NA,-1.1304860364497,3.62518724184379,-0.00570811584282301,0.0191996067450206,0,840252995.920559,56.22509538505,5,98,122.4501907701,1.60340909591633,0.00580183582800121,NA,0.745365192396362
"86","12","~1 ~ S500.mean_MaxHeight + 1",-1.99332377559626,1.44962563756159,NA,NA,NA,NA,NA,NA,NA,NA,NA,NA,NA,NA,NA,NA,NA,NA,NA,NA,NA,NA,0.186609099345629,0.120249725869356,NA,NA,-2.7054395127001,1.28658007567937,NA,NA,0,2973.77687569832,58.3054067993708,3,98,122.610813598742,1.76403192455791,0.00535410188823225,NA,0.750719294284594
"87","4/13","~1 ~ S500.mean.VPD__2.3m_Grid.1x1m + S500.sd_PercCanopyDensity + 1",1.37547116344484,2.48119516288172,NA,NA,NA,NA,-0.000297951954244299,0.000156636043666448,NA,NA,NA,NA,NA,NA,NA,NA,NA,NA,NA,NA,NA,NA,NA,NA,-0.0922937722336207,0.0893875269821844,-2.08331953206527,0.771898993322269,NA,NA,0,316174537.176626,57.7829869921505,4,98,123.565973984301,2.71919231011731,0.00332105592625672,NA,0.754040350210851
"88","2/13","~1 ~ S500.mean.VPD__1.2m_Grid.1x1m + S500.sd_PercCanopyDensity + 1",1.37546591670795,2.48119212063506,-0.000297944255171057,0.000156636365580196,NA,NA,NA,NA,NA,NA,NA,NA,NA,NA,NA,NA,NA,NA,NA,NA,NA,NA,NA,NA,-0.0922933214426006,0.0893873515378477,-2.08332691778853,0.771903327811417,NA,NA,0,316171750.783302,57.783015027088,4,98,123.566030054176,2.71924837999228,0.00332096282196654,NA,0.757361313032817
"89","5/13","~1 ~ S500.mean.VPD__3.4m_Grid.1x1m + S500.sd_PercCanopyDensity + 1",1.3754652873478,2.48119222528711,NA,NA,NA,NA,NA,NA,-0.000297938535688395,0.000156636112614977,NA,NA,NA,NA,NA,NA,NA,NA,NA,NA,NA,NA,NA,NA,-0.0922931486021638,0.0893873354333595,-2.08333098446169,0.771905751674484,NA,NA,0,316172910.916731,57.7830347699399,4,98,123.56606953988,2.71928786569619,0.00332089725733641,NA,0.760682210290154
"90","6/13","~1 ~ S500.mean.VPD__4.5m_Grid.1x1m + S500.sd_PercCanopyDensity + 1",1.37546026208559,2.48119041291318,NA,NA,NA,NA,NA,NA,NA,NA,-0.000297929539232952,0.000156635965475649,NA,NA,NA,NA,NA,NA,NA,NA,NA,NA,NA,NA,-0.0922927101511381,0.0893872141413042,-2.08333788092282,0.771909830375557,NA,NA,0,316172518.787624,57.7830684166798,4,98,123.56613683336,2.71935515917593,0.00332078552185003,NA,0.764002995812004
"91","7/13","~1 ~ S500.mean.VPD__5.6m_Grid.1x1m + S500.sd_PercCanopyDensity + 1",1.375456877793,2.48118937690556,NA,NA,NA,NA,NA,NA,NA,NA,NA,NA,-0.000297923025847169,0.000156635750942044,NA,NA,NA,NA,NA,NA,NA,NA,NA,NA,-0.0922924096522587,0.0893871379443364,-2.08334256758208,0.771912598828963,NA,NA,0,316172692.200182,57.7830931390711,4,98,123.566186278142,2.71940460395857,0.0033207034251057,NA,0.767323699237109
"92","8/13","~1 ~ S500.mean.VPD__6.7m_Grid.1x1m + S500.sd_PercCanopyDensity + 1",1.37545420869643,2.48118853824554,NA,NA,NA,NA,NA,NA,NA,NA,NA,NA,NA,NA,-0.000297918378528342,0.000156635557972206,NA,NA,NA,NA,NA,NA,NA,NA,-0.0922921908863969,0.0893870806685219,-2.08334573870669,0.771914467999711,NA,NA,0,316172925.626235,57.7831109992465,4,98,123.566221998493,2.71944032430928,0.00332064411728985,NA,0.770644343354399
"93","9/13","~1 ~ S500.mean.VPD__7.8m_Grid.1x1m + S500.sd_PercCanopyDensity + 1",1.37545241119344,2.48118790206191,NA,NA,NA,NA,NA,NA,NA,NA,NA,NA,NA,NA,NA,NA,-0.000297914825460786,0.000156635455214843,NA,NA,NA,NA,NA,NA,-0.0922920312865933,0.089387038051288,-2.08334821566121,0.771915918547752,NA,NA,0,316172950.600274,57.7831246060105,4,98,123.566249212021,2.7194675378372,0.00332059893437654,NA,0.773964942288776
"94","10/13","~1 ~ S500.mean.VPD__8.9m_Grid.1x1m + S500.sd_PercCanopyDensity + 1",1.37545155595505,2.48118717184324,NA,NA,NA,NA,NA,NA,NA,NA,NA,NA,NA,NA,NA,NA,NA,NA,-0.000297911621356371,0.000156635431796301,NA,NA,NA,NA,-0.0922919073084542,0.0893869922691665,-2.08335075215282,0.7719174073639,NA,NA,0,316172686.704008,57.7831363348916,4,98,123.566272669783,2.71949099559951,0.00332055998769467,NA,0.777285502276471
"95","11/13","~1 ~ S500.mean.VPD__9.10m_Grid.1x1m + S500.sd_PercCanopyDensity + 1",1.37545137269535,2.48118656820364,NA,NA,NA,NA,NA,NA,NA,NA,NA,NA,NA,NA,NA,NA,NA,NA,NA,NA,-0.000297908415088317,0.000156635493993045,NA,NA,-0.0922917963183085,0.089386948991111,-2.0833537511328,0.771919149205224,NA,NA,0,316172145.036999,57.783147086214,4,98,123.566294172428,2.71951249824437,0.00332052428747552,NA,0.780606026563946
"96","3/13","~1 ~ S500.mean.VPD__10.11m_Grid.1x1m + S500.sd_PercCanopyDensity + 1",1.37545138275067,2.48118582654886,NA,NA,-0.000297905149973735,0.000156635577913095,NA,NA,NA,NA,NA,NA,NA,NA,NA,NA,NA,NA,NA,NA,NA,NA,NA,NA,-0.0922916825575158,0.0893868965557231,-2.08335711336888,0.771921115964013,NA,NA,0,316171459.468682,57.7831574128656,4,98,123.566314825731,2.71953315154752,0.0033204899977552,NA,0.783926516561701
"97","4/10/13","~1 ~ S500.mean.VPD__2.3m_Grid.1x1m + S500.mean.VPD__8.9m_Grid.1x1m + S500.sd_PercCanopyDensity + 1",1.549399215882,1.56353010941572,NA,NA,NA,NA,-2.02895037006531,NA,NA,NA,NA,NA,NA,NA,NA,NA,NA,NA,2.02829038578825,NA,NA,NA,NA,NA,-0.093160972489866,0.0516253110479586,-2.38870875196546,0.933130649975128,NA,NA,0,-66940624755.018,56.790696904187,5,98,123.581393808374,2.73461213419039,0.00329554933035063,NA,0.787222065892052
"98","2/3/13","~1 ~ S500.mean.VPD__1.2m_Grid.1x1m + S500.mean.VPD__10.11m_Grid.1x1m + S500.sd_PercCanopyDensity + 1",1.52807812961613,1.9604673048366,-2.0018478703877,NA,2.00121596049524,NA,NA,NA,NA,NA,NA,NA,NA,NA,NA,NA,NA,NA,NA,NA,NA,NA,NA,NA,-0.0923919564572339,0.0679493022960348,-2.38566742458954,0.921918198898667,NA,NA,0,-61591072953.8002,56.8236502451513,5,98,123.647300490303,2.80051881611899,0.0031887198312635,NA,0.790410785723315
"99","3/4/13","~1 ~ S500.mean.VPD__10.11m_Grid.1x1m + S500.mean.VPD__2.3m_Grid.1x1m + S500.sd_PercCanopyDensity + 1",1.58787816373527,3.78372014605006,NA,NA,2.33532801589963,10.8559280116581,-2.33592404025945,10.856606974318,NA,NA,NA,NA,NA,NA,NA,NA,NA,NA,NA,NA,NA,NA,NA,NA,-0.0943517614012044,0.132629446926965,-2.44102736359687,0.892049269166161,NA,NA,0,71184912547.4071,56.8661442568827,5,98,123.732288513765,2.88550683958162,0.00305605698393605,NA,0.793466842707251
"100","5/8/13","~1 ~ S500.mean.VPD__3.4m_Grid.1x1m + S500.mean.VPD__6.7m_Grid.1x1m + S500.sd_PercCanopyDensity + 1",1.63384839410074,1.61824057861564,NA,NA,NA,NA,NA,NA,-1.39297940851721,NA,NA,NA,NA,NA,1.39233033485061,NA,NA,NA,NA,NA,NA,NA,NA,NA,-0.0918747963547274,0.0466353212159952,-2.57092477539776,1.08044763450151,NA,NA,0,-260367158762.076,56.8834891103788,5,98,123.766978220758,2.92019654657386,0.00300350717507622,NA,0.796470349882328
"101","2/11/13","~1 ~ S500.mean.VPD__1.2m_Grid.1x1m + S500.mean.VPD__9.10m_Grid.1x1m + S500.sd_PercCanopyDensity + 1",1.54722273915641,1.94931476004637,-2.00828844572536,NA,NA,NA,NA,NA,NA,NA,NA,NA,NA,NA,NA,NA,NA,NA,NA,NA,2.00766118207016,NA,NA,NA,-0.0883543557937448,0.0649612484123964,-2.41838023174718,1.06742537001501,NA,NA,0,-89183842236.2594,56.8931232075253,5,98,123.786246415051,2.93946474086691,0.00297471003512867,NA,0.799445059917456
"102","5/10/13","~1 ~ S500.mean.VPD__3.4m_Grid.1x1m + S500.mean.VPD__8.9m_Grid.1x1m + S500.sd_PercCanopyDensity + 1",1.65419984266406,NA,NA,NA,NA,NA,NA,NA,-1.85718318165977,NA,NA,NA,NA,NA,NA,NA,NA,NA,1.85656849407373,NA,NA,NA,NA,NA,-0.0878814867099655,NA,-2.5991132968714,1.21103169800198,NA,NA,0,-883971155774.92,56.9144146026035,5,98,123.828829205207,2.98204753102328,0.0029120438016174,NA,0.802357103719074
"103","6/10/13","~1 ~ S500.mean.VPD__4.5m_Grid.1x1m + S500.mean.VPD__8.9m_Grid.1x1m + S500.sd_PercCanopyDensity + 1",1.61302945151873,3.42219377574418,NA,NA,NA,NA,NA,NA,NA,NA,-1.2379336645435,20.2232229716832,NA,NA,NA,NA,NA,NA,1.2372919855912,20.2226904330716,NA,NA,NA,NA,-0.0901634151741807,0.118067465774554,-2.54686057788869,1.12589827808344,NA,NA,0,395572963884.738,56.9173214390924,5,98,123.834642878185,2.98786120400113,0.00290359125747117,NA,0.805260694976545
"104","4/9/13","~1 ~ S500.mean.VPD__2.3m_Grid.1x1m + S500.mean.VPD__7.8m_Grid.1x1m + S500.sd_PercCanopyDensity + 1",1.59122322456252,1.61590239174878,NA,NA,NA,NA,-2.07110031611782,NA,NA,NA,NA,NA,NA,NA,NA,NA,2.07050357998762,NA,NA,NA,NA,NA,NA,NA,-0.0878434449368496,0.0507317226773482,-2.44163264418167,1.11973866331118,NA,NA,0,-84097331434.6071,56.9356425336635,5,98,123.871285067327,3.02450339314329,0.00285087863834986,NA,0.808111573614895
"105","6/11/13","~1 ~ S500.mean.VPD__4.5m_Grid.1x1m + S500.mean.VPD__9.10m_Grid.1x1m + S500.sd_PercCanopyDensity + 1",1.59919679822455,3.10171945293125,NA,NA,NA,NA,NA,NA,NA,NA,-1.37239594249018,11.5481533048665,NA,NA,NA,NA,NA,NA,NA,NA,1.37176749667101,11.5477953219556,NA,NA,-0.0965868248963068,0.109153956071492,-2.51491253178778,0.917915765506653,NA,NA,0,89875865491.3515,56.9618201765054,5,98,123.923640353011,3.07685867882701,0.00277721769689325,NA,0.810888791311788
"106","2/7/13","~1 ~ S500.mean.VPD__1.2m_Grid.1x1m + S500.mean.VPD__5.6m_Grid.1x1m + S500.sd_PercCanopyDensity + 1",1.60048425221933,2.85479247124618,-1.45355250347561,13.4274254023304,NA,NA,NA,NA,NA,NA,NA,NA,1.45291917563316,13.4270136976247,NA,NA,NA,NA,NA,NA,NA,NA,NA,NA,-0.0965641408052783,0.0993204868915784,-2.52398741437173,0.919380511334167,NA,NA,0,122869207211.203,56.9669109520014,5,98,123.933821904003,3.08704022981912,0.00276311543128496,NA,0.813651906743073
"107","5/9/13","~1 ~ S500.mean.VPD__3.4m_Grid.1x1m + S500.mean.VPD__7.8m_Grid.1x1m + S500.sd_PercCanopyDensity + 1",1.6387395397481,3.89925429074183,NA,NA,NA,NA,NA,NA,-1.64086146145963,21.1426121884111,NA,NA,NA,NA,NA,NA,1.64030210590001,21.1418548702023,NA,NA,NA,NA,NA,NA,-0.0942774858408048,0.137940099267145,-2.52998380114447,0.968070081401105,NA,NA,0,261965008192.318,56.9682002179294,5,98,123.936400435859,3.0896187616751,0.00275955533615213,NA,0.816411462079225
"108","3/6/13","~1 ~ S500.mean.VPD__10.11m_Grid.1x1m + S500.mean.VPD__4.5m_Grid.1x1m + S500.sd_PercCanopyDensity + 1",1.61741748190457,3.02221403033308,NA,NA,1.53445017027193,8.87984039579602,NA,NA,NA,NA,-1.53507215039393,8.88014794591428,NA,NA,NA,NA,NA,NA,NA,NA,NA,NA,NA,NA,-0.0962447062780826,0.105791849985974,-2.53774827552801,0.930934702909919,NA,NA,0,53356927249.1695,56.9691174210921,5,98,123.938234842184,3.09145316800048,0.0027570254236694,NA,0.819168487502895
"109","4/6/13","~1 ~ S500.mean.VPD__2.3m_Grid.1x1m + S500.mean.VPD__4.5m_Grid.1x1m + S500.sd_PercCanopyDensity + 1",1.60530292303841,2.24444103894837,NA,NA,NA,NA,-1.33683269845964,NA,NA,NA,1.33619737419133,NA,NA,NA,NA,NA,NA,NA,NA,NA,NA,NA,NA,NA,-0.0972332000986646,0.0783441308386898,-2.50873555521332,0.909516751143534,NA,NA,0,-120373737895.962,56.9700031469662,5,98,123.940006293932,3.09322461974865,0.00275458453605438,NA,0.821923072038949
"110","7/8/13","~1 ~ S500.mean.VPD__5.6m_Grid.1x1m + S500.mean.VPD__6.7m_Grid.1x1m + S500.sd_PercCanopyDensity + 1",1.58041916730478,3.06193082266119,NA,NA,NA,NA,NA,NA,NA,NA,NA,NA,-0.32401202959442,56.6185954173566,0.323439715681904,56.6181726455097,NA,NA,NA,NA,NA,NA,NA,NA,-0.0918504287305558,0.10688394169269,-2.46552457085388,1.01744153356068,NA,NA,0,2157284431231.31,56.9921225129215,5,98,123.984245025843,3.13746335165938,0.00269432379428907,NA,0.824617395833238
"111","2/4/13","~1 ~ S500.mean.VPD__1.2m_Grid.1x1m + S500.mean.VPD__2.3m_Grid.1x1m + S500.sd_PercCanopyDensity + 1",1.58461116086601,2.62548194520192,0.329317188754538,8.63572002572666,NA,NA,-0.329888688797444,8.63578469573362,NA,NA,NA,NA,NA,NA,NA,NA,NA,NA,NA,NA,NA,NA,NA,NA,-0.0919973954482144,0.0900641218983896,-2.4658991373055,1.01532182022719,NA,NA,0,50099027971.1543,56.9924209904839,5,98,123.984841980968,3.13806030678411,0.0026935197190959,NA,0.827310915552334
"112","6/7/13","~1 ~ S500.mean.VPD__4.5m_Grid.1x1m + S500.mean.VPD__5.6m_Grid.1x1m + S500.sd_PercCanopyDensity + 1",1.5871538444265,NA,NA,NA,NA,NA,NA,NA,NA,NA,-0.442161389029292,NA,0.441594914166216,NA,NA,NA,NA,NA,NA,NA,NA,NA,NA,NA,-0.0922963550053845,NA,-2.47354372587502,1.00295898212052,NA,NA,0,-12821934326048.1,56.9930748637394,5,98,123.986149727479,3.13936805329519,0.00269175907427033,NA,0.830002674626604
"113","8/9/13","~1 ~ S500.mean.VPD__6.7m_Grid.1x1m + S500.mean.VPD__7.8m_Grid.1x1m + S500.sd_PercCanopyDensity + 1",1.57684463919447,2.74191940746474,NA,NA,NA,NA,NA,NA,NA,NA,NA,NA,NA,NA,-0.243142129544587,48.0091126357127,0.242566846160861,48.0088573627493,NA,NA,NA,NA,NA,NA,-0.0916083080466144,0.094150090837415,-2.46131764779068,1.0239178453577,NA,NA,0,1581476517992.38,56.9934196292684,5,98,123.986839258537,3.14005758435314,0.00269083120848646,NA,0.832693505835091
"114","8/10/13","~1 ~ S500.mean.VPD__6.7m_Grid.1x1m + S500.mean.VPD__8.9m_Grid.1x1m + S500.sd_PercCanopyDensity + 1",1.58725465764174,2.73347697924951,NA,NA,NA,NA,NA,NA,NA,NA,NA,NA,NA,NA,-0.446001670852862,24.7555038377372,NA,NA,0.44543559238339,24.7552647379317,NA,NA,NA,NA,-0.0922982723345221,0.0939754129574957,-2.47424179122293,1.00528827318839,NA,NA,0,396529903671.199,56.9935326233493,5,98,123.987065246699,3.14028357251482,0.00269052717766454,NA,0.835384033012755
"115","9/11/13","~1 ~ S500.mean.VPD__7.8m_Grid.1x1m + S500.mean.VPD__9.10m_Grid.1x1m + S500.sd_PercCanopyDensity + 1",1.58216691324339,2.66661782090045,NA,NA,NA,NA,NA,NA,NA,NA,NA,NA,NA,NA,NA,NA,-0.360847108590008,22.9081543473685,NA,NA,0.360277506077681,22.9079733621388,NA,NA,-0.0919458215468494,0.0911215222690155,-2.46795717786795,1.01344314230751,NA,NA,0,348341777087.971,56.9946496813783,5,98,123.989299362757,3.14251768857291,0.00268752338069847,NA,0.838071556393454
"116","9/10/13","~1 ~ S500.mean.VPD__7.8m_Grid.1x1m + S500.mean.VPD__8.9m_Grid.1x1m + S500.sd_PercCanopyDensity + 1",1.57519016841077,2.6773636530615,NA,NA,NA,NA,NA,NA,NA,NA,NA,NA,NA,NA,NA,NA,-0.197044955882359,49.6670926106979,0.196468463524057,49.6668803641659,NA,NA,NA,NA,-0.0914932704685792,0.0913939364724199,-2.45940744022493,1.02691633083147,NA,NA,0,1707115080011.83,56.994733154114,5,98,123.989466308228,3.14268463404434,0.00268729905513225,NA,0.840758855448586
"117","10/11/13","~1 ~ S500.mean.VPD__8.9m_Grid.1x1m + S500.mean.VPD__9.10m_Grid.1x1m + S500.sd_PercCanopyDensity + 1",1.57427758269932,2.62966674589192,NA,NA,NA,NA,NA,NA,NA,NA,NA,NA,NA,NA,NA,NA,NA,NA,-0.16089422564674,41.5682316425409,0.160317034506616,41.5680824464228,NA,NA,-0.0914241269843425,0.089442533715971,-2.45818950856737,1.02859240954686,NA,NA,0,1201770502801.56,56.9958914516796,5,98,123.991782903359,3.14500122917543,0.00268418816519473,NA,0.843443043613781
"118","3/10/13","~1 ~ S500.mean.VPD__10.11m_Grid.1x1m + S500.mean.VPD__8.9m_Grid.1x1m + S500.sd_PercCanopyDensity + 1",1.57953523385965,2.65163131148733,NA,NA,0.300130039385665,20.2516581532522,NA,NA,NA,NA,NA,NA,NA,NA,NA,NA,NA,NA,-0.300701722564739,20.2518038178454,NA,NA,NA,NA,-0.0917489914592009,0.0904812098101077,-2.46421410683144,1.01834344006434,NA,NA,0,276401025613.254,56.9964200527615,5,98,123.992840105523,3.14605843133938,0.00268276967536704,NA,0.846125813289148
"119","3/11/13","~1 ~ S500.mean.VPD__10.11m_Grid.1x1m + S500.mean.VPD__9.10m_Grid.1x1m + S500.sd_PercCanopyDensity + 1",1.57385089093625,2.65116579404577,NA,NA,0.137699458057212,38.8567071980815,NA,NA,NA,NA,NA,NA,NA,NA,NA,NA,NA,NA,NA,NA,-0.138277058907173,38.85684621208,NA,NA,-0.0913901881624,0.0903415249248501,-2.45752032720177,1.02941262794102,NA,NA,0,1053246849483.36,56.9964710321001,5,98,123.9929420642,3.14616039001646,0.00268263291302959,NA,0.848808446202177
"120","2/5/13","~1 ~ S500.mean.VPD__1.2m_Grid.1x1m + S500.mean.VPD__3.4m_Grid.1x1m + S500.sd_PercCanopyDensity + 1",1.58383082320875,2.56287994841883,-0.441430037631618,7.38166817223805,NA,NA,NA,NA,0.440865187856774,7.38160773214148,NA,NA,NA,NA,NA,NA,NA,NA,NA,NA,NA,NA,NA,NA,-0.0921704479980644,0.0879934284836346,-2.47297503839335,1.00462004498568,NA,NA,0,35105839541.6498,56.9982608673771,5,98,123.996521734754,3.14974006057059,0.0026778357363651,NA,0.851486281938542
"121","7/9/13","~1 ~ S500.mean.VPD__5.6m_Grid.1x1m + S500.mean.VPD__7.8m_Grid.1x1m + S500.sd_PercCanopyDensity + 1",1.59756312172495,2.88174865930319,NA,NA,NA,NA,NA,NA,NA,NA,NA,NA,-0.579845568648378,24.9808346279001,NA,NA,0.579286907385712,24.9805115804574,NA,NA,NA,NA,NA,NA,-0.0929615504228699,0.100155400129174,-2.48639561300704,0.990680543833751,NA,NA,0,383784751136.448,56.9993624506447,5,98,123.998724901289,3.15194322710566,0.00267488750148595,NA,0.854161169440028
"122","5/6/13","~1 ~ S500.mean.VPD__3.4m_Grid.1x1m + S500.mean.VPD__4.5m_Grid.1x1m + S500.sd_PercCanopyDensity + 1",1.59931879735195,NA,NA,NA,NA,NA,NA,NA,-0.584173326957495,NA,0.583615910020019,NA,NA,NA,NA,NA,NA,NA,NA,NA,NA,NA,NA,NA,-0.0930332758356801,NA,-2.48633447562242,0.988055194697313,NA,NA,0,-2496085559241.99,57.0021008832531,5,98,124.004201766506,3.15742009232245,0.00266757252268759,NA,0.856828741962716
"123","3/9/13","~1 ~ S500.mean.VPD__10.11m_Grid.1x1m + S500.mean.VPD__7.8m_Grid.1x1m + S500.sd_PercCanopyDensity + 1",1.59188567934221,2.68925250095933,NA,NA,0.505063635574907,14.7747838220956,NA,NA,NA,NA,NA,NA,NA,NA,NA,NA,-0.505623740165102,14.7749547323953,NA,NA,NA,NA,NA,NA,-0.0925289040721378,0.0922395428379038,-2.47928984266336,0.997560400507841,NA,NA,0,137048484698.753,57.0031018295809,5,98,124.006203659162,3.1594219849781,0.00266490376163292,NA,0.859493645724349
"124","13","~1 ~ S500.sd_PercCanopyDensity + 1",1.51285895001831,2.50619900749712,NA,NA,NA,NA,NA,NA,NA,NA,NA,NA,NA,NA,NA,NA,NA,NA,NA,NA,NA,NA,NA,NA,-0.081339371684655,0.0846636947837719,-2.52579435787486,1.0639376876784,NA,NA,0,58323.526789408,59.0038073876855,3,98,124.007614775371,3.16083310118721,0.00266302418034091,NA,0.86215666990469
"125","8/11/13","~1 ~ S500.mean.VPD__6.7m_Grid.1x1m + S500.mean.VPD__9.10m_Grid.1x1m + S500.sd_PercCanopyDensity + 1",1.60057097341084,2.72849863878563,NA,NA,NA,NA,NA,NA,NA,NA,NA,NA,NA,NA,-0.618736266979074,15.6942120612237,NA,NA,NA,NA,0.618181988244319,15.6940020438671,NA,NA,-0.0931100218295737,0.0939896372676158,-2.49062898804752,0.985755228967972,NA,NA,0,148174091609.143,57.0085579377642,5,98,124.017115875528,3.17033420134479,0.00265040335228431,NA,0.864807073256974
"126","3/7/13","~1 ~ S500.mean.VPD__10.11m_Grid.1x1m + S500.mean.VPD__5.6m_Grid.1x1m + S500.sd_PercCanopyDensity + 1",1.60344389128086,2.93302214242418,NA,NA,1.08816860574319,9.66123662713726,NA,NA,NA,NA,NA,NA,-1.08879794078381,9.66147498567452,NA,NA,NA,NA,NA,NA,NA,NA,NA,NA,-0.0976362395617359,0.102804809853721,-2.51929169067966,0.906101927476856,NA,NA,0,61287039108.3846,57.0127490046223,5,98,124.025498009245,3.17871633506095,0.00263931857937156,NA,0.867446391836346
"127","2/5","~1 ~ S500.mean.VPD__1.2m_Grid.1x1m + S500.mean.VPD__3.4m_Grid.1x1m + 1",-1.02212328379226,0.832129058785149,-0.355478940277119,8.55568899972544,NA,NA,NA,NA,0.355000907515898,8.55559433368236,NA,NA,NA,NA,NA,NA,NA,NA,NA,NA,NA,NA,NA,NA,NA,NA,-2.44449110101277,0.910186960143742,NA,NA,0,51776481692.3933,58.0153447807966,4,98,124.030689561593,3.18390788740957,0.00263247638333346,NA,0.870078868219679
"128","7/9","~1 ~ S500.mean.VPD__5.6m_Grid.1x1m + S500.mean.VPD__7.8m_Grid.1x1m + 1",-1.02124945422321,0.832990783787825,NA,NA,NA,NA,NA,NA,NA,NA,NA,NA,-0.394607206725934,20.3974807389109,NA,NA,0.394129824287403,20.3972455852181,NA,NA,NA,NA,NA,NA,NA,NA,-2.44778937563726,0.910153898277139,NA,NA,0,293524905592.744,58.0158784426458,4,98,124.031756885292,3.18497521110793,0.00263107190591016,NA,0.872709940125589
"129","5/6","~1 ~ S500.mean.VPD__3.4m_Grid.1x1m + S500.mean.VPD__4.5m_Grid.1x1m + 1",-1.02066483454522,0.82966178315659,NA,NA,NA,NA,NA,NA,-0.398030298875385,NA,0.397553919960012,NA,NA,NA,NA,NA,NA,NA,NA,NA,NA,NA,NA,NA,NA,NA,-2.4475112936837,0.909579945823731,NA,NA,0,-2492281496927.13,58.0179905200889,4,98,124.035981040178,3.18919936599411,0.00262552074259353,NA,0.875335460868183
"130","3/9","~1 ~ S500.mean.VPD__10.11m_Grid.1x1m + S500.mean.VPD__7.8m_Grid.1x1m + 1",-1.02048727531488,0.834439190451193,NA,NA,0.347181066485871,13.1542767628561,NA,NA,NA,NA,NA,NA,NA,NA,NA,NA,-0.347656649503856,13.1544064394006,NA,NA,NA,NA,NA,NA,NA,NA,-2.4443742680137,0.909763972705624,NA,NA,0,121526491517.089,58.0197468077379,4,98,124.039493615476,3.19271194129219,0.00262091361984166,NA,0.877956374488024
"131","8/11","~1 ~ S500.mean.VPD__6.7m_Grid.1x1m + S500.mean.VPD__9.10m_Grid.1x1m + 1",-1.01999327288597,0.834630096542994,NA,NA,NA,NA,NA,NA,NA,NA,NA,NA,NA,NA,-0.423792704057682,13.759292116196,NA,NA,NA,NA,0.423317207010355,13.7591308999736,NA,NA,NA,NA,-2.45028249530391,0.909652051482916,NA,NA,0,132647910159.884,58.0206033509467,4,98,124.041206701893,3.19442502770978,0.00261866965524325,NA,0.880575044143268
"132","6/8","~1 ~ S500.mean.VPD__4.5m_Grid.1x1m + S500.mean.VPD__6.7m_Grid.1x1m + 1",-1.01298353601647,0.836537740421993,NA,NA,NA,NA,NA,NA,NA,NA,-0.53682053373749,24.8492813711421,NA,NA,0.536349498064226,24.8488819812836,NA,NA,NA,NA,NA,NA,NA,NA,NA,NA,-2.45734963200513,0.912483147630632,NA,NA,0,426995240760.077,58.0223436375211,4,98,124.044687275042,3.19790560085859,0.0026141163827481,NA,0.883189160526016
"133","9/10","~1 ~ S500.mean.VPD__7.8m_Grid.1x1m + S500.mean.VPD__8.9m_Grid.1x1m + 1",-1.0212785170746,0.831367613666638,NA,NA,NA,NA,NA,NA,NA,NA,NA,NA,NA,NA,NA,NA,-0.13960174462505,45.1988992659704,0.139132583308281,45.1987254481058,NA,NA,NA,NA,NA,NA,-2.43687531051567,0.908967896072021,NA,NA,0,1402008169327.68,58.0237612885849,4,98,124.04752257717,3.20074090298614,0.00261041310347638,NA,0.885799573629492
"134","10/11","~1 ~ S500.mean.VPD__8.9m_Grid.1x1m + S500.mean.VPD__9.10m_Grid.1x1m + 1",-1.02134108121661,0.833022319367553,NA,NA,NA,NA,NA,NA,NA,NA,NA,NA,NA,NA,NA,NA,NA,NA,-0.112947119144383,38.1918239609364,0.11247798555007,38.191706125006,NA,NA,NA,NA,-2.43622800553908,0.908949219009599,NA,NA,0,1001231788726.5,58.0238844298153,4,98,124.047768859631,3.20098718544692,0.00261009167378602,NA,0.888409665303278
"135","3/11","~1 ~ S500.mean.VPD__10.11m_Grid.1x1m + S500.mean.VPD__9.10m_Grid.1x1m + 1",-1.02139311957691,0.832263417203113,NA,NA,0.0940586686653549,35.7025555031075,NA,NA,NA,NA,NA,NA,NA,NA,NA,NA,NA,NA,NA,NA,-0.094527808054277,35.702660390562,NA,NA,NA,NA,-2.43583951181365,0.908904061930738,NA,NA,0,875152880034.279,58.0238993819521,4,98,124.047798763904,3.20101708972054,0.00261005264762999,NA,0.891019717950908
"136","8/9","~1 ~ S500.mean.VPD__6.7m_Grid.1x1m + S500.mean.VPD__7.8m_Grid.1x1m + 1",-1.02114235207117,0.83031239023259,NA,NA,NA,NA,NA,NA,NA,NA,NA,NA,NA,NA,-0.169143251335809,40.1232516893871,0.168674202318301,40.1230594672874,NA,NA,NA,NA,NA,NA,NA,NA,-2.43774119972066,0.908906763176366,NA,NA,0,1104204676677.88,58.0239960862184,4,98,124.047992172437,3.20121049825308,0.00260980025660762,NA,0.893629518207516
"137","4/11/13","~1 ~ S500.mean.VPD__2.3m_Grid.1x1m + S500.mean.VPD__9.10m_Grid.1x1m + S500.sd_PercCanopyDensity + 1",1.56831850492473,2.91560973199869,NA,NA,NA,NA,-2.19118902520887,6.15668928485958,NA,NA,NA,NA,NA,NA,NA,NA,NA,NA,NA,NA,2.19068497558522,6.1563254733516,NA,NA,-0.0933809833806389,0.102156878456197,-2.41581532733794,0.876557548576242,NA,NA,0,16148764025.9345,57.0251024948746,5,98,124.050204989749,3.2034233155655,0.00260691434780436,NA,0.89623643255532
"138","7/8","~1 ~ S500.mean.VPD__5.6m_Grid.1x1m + S500.mean.VPD__6.7m_Grid.1x1m + 1",-1.02070547051692,0.830231830707141,NA,NA,NA,NA,NA,NA,NA,NA,NA,NA,-0.224087740529564,40.2816500873097,0.223619184957518,40.2813780302981,NA,NA,NA,NA,NA,NA,NA,NA,NA,NA,-2.439778923819,0.908751516172379,NA,NA,0,1110030795872.86,58.0251713679463,4,98,124.050342735893,3.20356106170888,0.0026067348077884,NA,0.898843167363108
"139","2/4","~1 ~ S500.mean.VPD__1.2m_Grid.1x1m + S500.mean.VPD__2.3m_Grid.1x1m + 1",-1.02005135094322,0.830269685865587,0.178455575232955,8.54156082970182,NA,NA,-0.178923059732083,8.54159897234323,NA,NA,NA,NA,NA,NA,NA,NA,NA,NA,NA,NA,NA,NA,NA,NA,NA,NA,-2.4376486130892,0.908655673159592,NA,NA,0,49792843780.4672,58.0267417388523,4,98,124.053483477705,3.20670180352099,0.00260264447979308,NA,0.901445811842902
"140","9/11","~1 ~ S500.mean.VPD__7.8m_Grid.1x1m + S500.mean.VPD__9.10m_Grid.1x1m + 1",-1.01994932737979,0.832895691873983,NA,NA,NA,NA,NA,NA,NA,NA,NA,NA,NA,NA,NA,NA,-0.25291688469066,20.7204890047895,NA,NA,0.252449397513547,20.720345265989,NA,NA,NA,NA,-2.44119511390787,0.908508989774645,NA,NA,0,292597774489.658,58.0278382338331,4,98,124.055676467666,3.20889479348251,0.00259979225719393,NA,0.904045604100095
"141","6/7","~1 ~ S500.mean.VPD__4.5m_Grid.1x1m + S500.mean.VPD__5.6m_Grid.1x1m + 1",-1.01974477683252,0.830948280243848,NA,NA,NA,NA,NA,NA,NA,NA,-0.307089472274061,62.3222192993334,0.306622027640941,62.3216391342634,NA,NA,NA,NA,NA,NA,NA,NA,NA,NA,NA,NA,-2.44385506948654,0.908555504659004,NA,NA,0,2642679725629.91,58.0279640113866,4,98,124.055928022773,3.2091463485895,0.00259946528224771,NA,0.906645069382343
"142","3/10","~1 ~ S500.mean.VPD__10.11m_Grid.1x1m + S500.mean.VPD__8.9m_Grid.1x1m + 1",-1.02012551715919,0.83304651437053,NA,NA,0.207074213184181,18.6191881150343,NA,NA,NA,NA,NA,NA,NA,NA,NA,NA,NA,NA,-0.207541621995861,18.6193003236218,NA,NA,NA,NA,NA,NA,-2.43910650286894,0.908462602742063,NA,NA,0,236347878042.93,58.0279890342905,4,98,124.055978068581,3.20919639439721,0.00259940023689169,NA,0.909244469619235
"143","8/10","~1 ~ S500.mean.VPD__6.7m_Grid.1x1m + S500.mean.VPD__8.9m_Grid.1x1m + 1",-1.0196503057292,0.83188947937565,NA,NA,NA,NA,NA,NA,NA,NA,NA,NA,NA,NA,-0.30969173243438,21.4263944803533,NA,NA,0.309224334656357,21.4262091959377,NA,NA,NA,NA,NA,NA,-2.44428783128867,0.908434780372269,NA,NA,0,312419492446.414,58.0282149690053,4,98,124.056429938011,3.20964826382688,0.00259881300848057,NA,0.911843282627716
"144","6/8/13","~1 ~ S500.mean.VPD__4.5m_Grid.1x1m + S500.mean.VPD__6.7m_Grid.1x1m + S500.sd_PercCanopyDensity + 1",1.61825964500524,3.29874236274619,NA,NA,NA,NA,NA,NA,NA,NA,-0.796866020087509,29.7880882311306,NA,NA,0.796322356282268,29.7875562532911,NA,NA,NA,NA,NA,NA,NA,NA,-0.0942021936206684,0.116477099336721,-2.51121904621146,0.967023328816843,NA,NA,0,493816445670.764,57.0332636775965,5,98,124.066527355193,3.21974568100933,0.00258572542441633,NA,0.914429008052132
"145","7/10/13","~1 ~ S500.mean.VPD__5.6m_Grid.1x1m + S500.mean.VPD__8.9m_Grid.1x1m + S500.sd_PercCanopyDensity + 1",1.61842471729231,2.85506839278316,NA,NA,NA,NA,NA,NA,NA,NA,NA,NA,-0.801322728044016,16.5318206307166,NA,NA,NA,NA,0.800779676568287,16.5315319386417,NA,NA,NA,NA,-0.0941973845715925,0.0993351165373868,-2.51248641726343,0.966793605488875,NA,NA,0,151778563570.972,57.0353170170084,5,98,124.070634034017,3.22385235983316,0.00258042149973631,NA,0.917009429551868
"146","3/8/13","~1 ~ S500.mean.VPD__10.11m_Grid.1x1m + S500.mean.VPD__6.7m_Grid.1x1m + S500.sd_PercCanopyDensity + 1",1.61610622753203,2.75256233670815,NA,NA,0.773348805175696,11.3882871098943,NA,NA,NA,NA,NA,NA,NA,NA,-0.773889787507158,11.388482559705,NA,NA,NA,NA,NA,NA,NA,NA,-0.0939666357385036,0.0951745351518806,-2.50892010881639,0.968076474180673,NA,NA,0,72062588047.7048,57.0423806021106,5,98,124.084761204221,3.23797953003756,0.00256225869564776,NA,0.919571688247516
"147","4/5/13","~1 ~ S500.mean.VPD__2.3m_Grid.1x1m + S500.mean.VPD__3.4m_Grid.1x1m + S500.sd_PercCanopyDensity + 1",1.62314663162463,1.82554542265253,NA,NA,NA,NA,-0.804735090651663,NA,0.804196379184553,NA,NA,NA,NA,NA,NA,NA,NA,NA,NA,NA,NA,NA,NA,NA,-0.0943703580161914,0.0664820142737938,-2.5116406747582,0.962239990497105,NA,NA,0,-603349923132.988,57.0493948816161,5,98,124.098789763232,3.25200808904845,0.00254434918158907,NA,0.922116037429105
"148","2/7","~1 ~ S500.mean.VPD__1.2m_Grid.1x1m + S500.mean.VPD__5.6m_Grid.1x1m + 1",-1.00915668300113,0.794920860199068,-0.838846431657008,15.8175535239495,NA,NA,NA,NA,NA,NA,NA,NA,0.838406649745891,15.8170553285626,NA,NA,NA,NA,NA,NA,NA,NA,NA,NA,NA,NA,-2.25120592217575,0.910885105567882,NA,NA,0,157616183886.282,58.0556759400704,4,98,124.111351880141,3.26457020595704,0.00252841806017955,NA,0.924644455489285
"149","5/8","~1 ~ S500.mean.VPD__3.4m_Grid.1x1m + S500.mean.VPD__6.7m_Grid.1x1m + 1",-0.872885763788901,0.919159713494368,NA,NA,NA,NA,NA,NA,-0.949680846336118,18.9993405280617,NA,NA,NA,NA,0.949239409283924,18.9988204036575,NA,NA,NA,NA,NA,NA,NA,NA,NA,NA,-2.38527505918631,1.04523927278757,NA,NA,0,269810205718.767,58.0617490584641,4,98,124.123498116928,3.27671644274442,0.00251310921123011,NA,0.927157564700515
"150","6/11","~1 ~ S500.mean.VPD__4.5m_Grid.1x1m + S500.mean.VPD__9.10m_Grid.1x1m + 1",-0.867463720730692,0.921952568189207,NA,NA,NA,NA,NA,NA,NA,NA,-0.978281056870989,8.19522718907285,NA,NA,NA,NA,NA,NA,NA,NA,0.977841620889951,8.19500388518544,NA,NA,NA,NA,-2.38840314264973,1.04875941025531,NA,NA,0,50110960285.2119,58.0625424812329,4,98,124.125084962466,3.27830328828217,0.00251111604397794,NA,0.929668680744493
"151","6/10","~1 ~ S500.mean.VPD__4.5m_Grid.1x1m + S500.mean.VPD__8.9m_Grid.1x1m + 1",-0.883714356381259,0.906686157714661,NA,NA,NA,NA,NA,NA,NA,NA,-0.853906316512807,10.3692205572844,NA,NA,NA,NA,NA,NA,0.853472347864669,10.3689689367842,NA,NA,NA,NA,NA,NA,-2.37731415279877,1.032164808546,NA,NA,0,77321212435.1655,58.0706916429013,4,98,124.141383285803,3.29460161161887,0.00249073570748214,NA,0.932159416451975
"152","5/9","~1 ~ S500.mean.VPD__3.4m_Grid.1x1m + S500.mean.VPD__7.8m_Grid.1x1m + 1",-1.038323446451,0.777018080957521,NA,NA,NA,NA,NA,NA,-0.836541440430184,8.59251262864812,NA,NA,NA,NA,NA,NA,0.836066335308833,8.59224517003788,NA,NA,NA,NA,NA,NA,NA,NA,-2.18544531323238,0.90839648649364,NA,NA,0,52184294473.8954,58.0713779224513,4,98,124.142755844903,3.29597417071889,0.00248902695291034,NA,0.934648443404885
"153","6/9","~1 ~ S500.mean.VPD__4.5m_Grid.1x1m + S500.mean.VPD__7.8m_Grid.1x1m + 1",-0.900469354800658,0.895688495088947,NA,NA,NA,NA,NA,NA,NA,NA,-0.704163061507599,13.6087041218432,NA,NA,NA,NA,0.703723831236499,13.6084257052208,NA,NA,NA,NA,NA,NA,NA,NA,-2.36604852134467,1.02118495774504,NA,NA,0,133983904320.635,58.0715438952354,4,98,124.143087790471,3.29630611628706,0.00248861387645798,NA,0.937137057281343
"154","7/10","~1 ~ S500.mean.VPD__5.6m_Grid.1x1m + S500.mean.VPD__8.9m_Grid.1x1m + 1",-0.916213883842878,0.885892038095913,NA,NA,NA,NA,NA,NA,NA,NA,NA,NA,-0.530814091646971,13.3834783615643,NA,NA,NA,NA,0.53036978867635,13.3832763649945,NA,NA,NA,NA,NA,NA,-2.35609559720811,1.01048884940004,NA,NA,0,130429247335.972,58.0717156584853,4,98,124.143431316971,3.29664964278682,0.00248818646075907,NA,0.939625243742102
"155","5/7","~1 ~ S500.mean.VPD__3.4m_Grid.1x1m + S500.mean.VPD__5.6m_Grid.1x1m + 1",-0.899707027586397,0.898826538481601,NA,NA,NA,NA,NA,NA,-0.707406581892059,33.2810626555013,NA,NA,0.706968924376183,33.2803715411137,NA,NA,NA,NA,NA,NA,NA,NA,NA,NA,NA,NA,-2.36576780252431,1.0203827755589,NA,NA,0,796886716335.152,58.0751523790915,4,98,124.150304758183,3.30352308399935,0.002479649936304,NA,0.942104893678406
"156","7/11","~1 ~ S500.mean.VPD__5.6m_Grid.1x1m + S500.mean.VPD__9.10m_Grid.1x1m + 1",-0.904408456401279,0.893058334480266,NA,NA,NA,NA,NA,NA,NA,NA,NA,NA,-0.647480672569018,9.83556389021028,NA,NA,NA,NA,NA,NA,0.647041476818495,9.83538552563167,NA,NA,NA,NA,-2.36235662783583,1.01748869404686,NA,NA,0,69817616639.5056,58.0756303026833,4,98,124.151260605367,3.30447893118296,0.00247846513624453,NA,0.944583358814651
"157","2/6","~1 ~ S500.mean.VPD__1.2m_Grid.1x1m + S500.mean.VPD__4.5m_Grid.1x1m + 1",-0.895676929015868,0.897977220656337,-0.757735229309279,12.1397872150461,NA,NA,NA,NA,NA,NA,0.757298759245607,12.1395136357592,NA,NA,NA,NA,NA,NA,NA,NA,NA,NA,NA,NA,NA,NA,-2.36903944275566,1.02300255256893,NA,NA,0,105805022786.104,58.0769434853462,4,98,124.153886970692,3.30710529650877,0.00247521259485489,NA,0.947058571409505
"158","3/6","~1 ~ S500.mean.VPD__10.11m_Grid.1x1m + S500.mean.VPD__4.5m_Grid.1x1m + 1",-1.03910056519436,0.781224958165774,NA,NA,0.796614167534766,5.99663106817332,NA,NA,NA,NA,-0.797102086455245,5.99680540881749,NA,NA,NA,NA,NA,NA,NA,NA,NA,NA,NA,NA,NA,NA,-2.18344292460233,0.914637868537384,NA,NA,0,26780269520.6005,58.077510108333,4,98,124.155020216666,3.30823854248236,0.00247381047977427,NA,0.94953238188928
"159","3/8","~1 ~ S500.mean.VPD__10.11m_Grid.1x1m + S500.mean.VPD__6.7m_Grid.1x1m + 1",-0.914756904824845,0.886307478390987,NA,NA,0.512920497313752,9.6665987236928,NA,NA,NA,NA,NA,NA,NA,NA,-0.513361618560804,9.66673773237472,NA,NA,NA,NA,NA,NA,NA,NA,NA,NA,-2.35425500056283,1.00957338702632,NA,NA,0,67378171980.6779,58.080554026697,4,98,124.161108053394,3.3143263792103,0.00246629185147655,NA,0.951998673740756
"160","3/7","~1 ~ S500.mean.VPD__10.11m_Grid.1x1m + S500.mean.VPD__5.6m_Grid.1x1m + 1",-0.892724408998144,0.898946066846939,NA,NA,0.746233328162437,7.7296903591917,NA,NA,NA,NA,NA,NA,-0.746666436351494,7.72985292233293,NA,NA,NA,NA,NA,NA,NA,NA,NA,NA,NA,NA,-2.36891343224041,1.02294891468414,NA,NA,0,42551745556.8699,58.0813826799187,4,98,124.162765359837,3.31598368565378,0.00246424899731382,NA,0.95446292273807
"161","4/5","~1 ~ S500.mean.VPD__2.3m_Grid.1x1m + S500.mean.VPD__3.4m_Grid.1x1m + 1",-0.91406214296732,0.87506530466909,NA,NA,NA,NA,-0.532199743728384,NA,0.531759301550986,NA,NA,NA,NA,NA,NA,NA,NA,NA,NA,NA,NA,NA,NA,NA,NA,NA,-2.3546181532838,1.00930226053436,NA,NA,0,-401289438950.872,58.0817426119148,4,98,124.16348522383,3.31670354964581,0.0024633621948574,NA,0.956926284932928
"162","7/11/13","~1 ~ S500.mean.VPD__5.6m_Grid.1x1m + S500.mean.VPD__9.10m_Grid.1x1m + S500.sd_PercCanopyDensity + 1",1.64081442266828,2.8480185936132,NA,NA,NA,NA,NA,NA,NA,NA,NA,NA,-0.994439675058796,11.8166220451515,NA,NA,NA,NA,NA,NA,0.993912554194793,11.8163695332096,NA,NA,-0.0953660297780382,0.0992185257913747,-2.54031738818712,0.948988039227639,NA,NA,0,70140010100.1876,57.1010427097434,5,98,124.202085419487,3.35530374530313,0.0024162749196522,NA,0.95934255985258
"163","4/6","~1 ~ S500.mean.VPD__2.3m_Grid.1x1m + S500.mean.VPD__4.5m_Grid.1x1m + 1",-1.04639582414236,0.7813837504661,NA,NA,NA,NA,-0.706523364937057,20.9671759431401,NA,NA,0.706072452041962,20.9666241711993,NA,NA,NA,NA,NA,NA,NA,NA,NA,NA,NA,NA,NA,NA,-2.17768402250336,0.891366606812669,NA,NA,0,281953557309.254,58.1013516021878,4,98,124.202703204376,3.35592153019194,0.00241552866584794,NA,0.961758088518428
"164","6/9/13","~1 ~ S500.mean.VPD__4.5m_Grid.1x1m + S500.mean.VPD__7.8m_Grid.1x1m + S500.sd_PercCanopyDensity + 1",1.65382998856319,3.05529148385506,NA,NA,NA,NA,NA,NA,NA,NA,-1.09340967053083,16.3899801540336,NA,NA,NA,NA,1.09288698764961,16.3895918174352,NA,NA,NA,NA,NA,NA,-0.0960895370676403,0.107505157508876,-2.5552311457054,0.942154681215555,NA,NA,0,129534078690.401,57.1313716483377,5,98,124.262743296675,3.41596162249162,0.00234409201443976,NA,0.964102180532867
"165","5/10","~1 ~ S500.mean.VPD__3.4m_Grid.1x1m + S500.mean.VPD__8.9m_Grid.1x1m + 1",-1.06312196097849,0.734687397511832,NA,NA,NA,NA,NA,NA,-0.929986230488582,5.81445285697994,NA,NA,NA,NA,NA,NA,NA,NA,0.929571198968021,5.81425362147669,NA,NA,NA,NA,NA,NA,-2.13575958174105,0.859070787597302,NA,NA,0,18366478847.0348,58.1359245841383,4,98,124.271849168277,3.42506749409287,0.00233344377276178,NA,0.966435624305629
"166","5/7/13","~1 ~ S500.mean.VPD__3.4m_Grid.1x1m + S500.mean.VPD__5.6m_Grid.1x1m + S500.sd_PercCanopyDensity + 1",1.65710652300374,3.74013843363344,NA,NA,NA,NA,NA,NA,-1.09774038048485,31.1636586852817,NA,NA,1.09721980635385,31.1629343527665,NA,NA,NA,NA,NA,NA,NA,NA,NA,NA,-0.0962226071129882,0.13210764916578,-2.55494756267668,0.940343648107468,NA,NA,0,463398889487.666,57.1397453147952,5,98,124.27949062959,3.43270895540672,0.00232454532271836,NA,0.968760169628348
"167","2/6/13","~1 ~ S500.mean.VPD__1.2m_Grid.1x1m + S500.mean.VPD__4.5m_Grid.1x1m + S500.sd_PercCanopyDensity + 1",1.64770720204742,2.71175583787597,-1.09098083569946,8.78526200324633,NA,NA,NA,NA,NA,NA,1.09046408949661,8.78507660151446,NA,NA,NA,NA,NA,NA,NA,NA,NA,NA,NA,NA,-0.0958779841245996,0.0945040074883027,-2.55222691499413,0.938821872333239,NA,NA,0,36285703386.9878,57.1537130979124,5,98,124.307426195825,3.46064452164104,0.0022923022839048,NA,0.971052471912252
"168","1/12","~Julian + 1 ~ S500.mean_MaxHeight + 1",-1.84448929976346,1.53094483329016,NA,NA,NA,NA,NA,NA,NA,NA,NA,NA,NA,NA,NA,NA,NA,NA,NA,NA,NA,NA,0.186159544132235,0.119510562808643,NA,NA,-4.3016999067327,3.37717224877488,0.00840754873235746,0.0174456086315601,0,3811978.88170295,58.1581185172551,4,98,124.31623703451,3.46945536032656,0.00228222594263477,NA,0.973334697854887
"169","2/8/13","~1 ~ S500.mean.VPD__1.2m_Grid.1x1m + S500.mean.VPD__6.7m_Grid.1x1m + S500.sd_PercCanopyDensity + 1",1.46855855850851,2.62492608535546,-1.32761285634466,9.09061642408015,NA,NA,NA,NA,NA,NA,NA,NA,NA,NA,1.32716228478887,9.09028197034879,NA,NA,NA,NA,NA,NA,NA,NA,-0.0915895351448175,0.0922568706118311,-2.28816302254305,0.862395087367777,NA,NA,0,29446920480.6448,57.1886743139175,5,98,124.377348627835,3.53056695365136,0.0022135453495047,NA,0.975548243204392
"170","4/7/13","~1 ~ S500.mean.VPD__2.3m_Grid.1x1m + S500.mean.VPD__5.6m_Grid.1x1m + S500.sd_PercCanopyDensity + 1",1.48238123312399,2.78677032213315,NA,NA,NA,NA,-1.33573368522167,10.2781158340505,NA,NA,NA,NA,1.33528649624755,10.2777372746252,NA,NA,NA,NA,NA,NA,NA,NA,NA,NA,-0.0919385961768904,0.0973243342660155,-2.28962872229598,0.860896154041016,NA,NA,0,37401921381.0786,57.1936526826186,5,98,124.387305365237,3.54052369105351,0.00220255288958076,NA,0.977750796093973
"171","4/7","~1 ~ S500.mean.VPD__2.3m_Grid.1x1m + S500.mean.VPD__5.6m_Grid.1x1m + 1",-1.0608555688598,0.728364471160249,NA,NA,NA,NA,-0.931113781576127,7.20334116973831,NA,NA,NA,NA,0.930738179018868,7.20309271922065,NA,NA,NA,NA,NA,NA,NA,NA,NA,NA,NA,NA,-2.13523125769757,0.843715135680954,NA,NA,0,24225352726.4506,58.1994585449683,4,98,124.398917089937,3.55213541575284,0.0021898022208165,NA,0.979940598314789
"172","2/8","~1 ~ S500.mean.VPD__1.2m_Grid.1x1m + S500.mean.VPD__6.7m_Grid.1x1m + 1",-1.06108159445084,0.725568679331656,-0.964685308871535,7.15994955490975,NA,NA,NA,NA,NA,NA,NA,NA,NA,NA,0.964316852527434,7.15968505339162,NA,NA,NA,NA,NA,NA,NA,NA,NA,NA,-2.13819144486939,0.842566143370566,NA,NA,0,23172503829.1406,58.2044107303893,4,98,124.408821460779,3.56203978659498,0.00217898472142242,NA,0.982119583036211
"173","5/11/13","~1 ~ S500.mean.VPD__3.4m_Grid.1x1m + S500.mean.VPD__9.10m_Grid.1x1m + S500.sd_PercCanopyDensity + 1",1.48736831352093,2.69214701947675,NA,NA,NA,NA,NA,NA,-1.47389379264474,6.62386777086723,NA,NA,NA,NA,NA,NA,NA,NA,NA,NA,1.47345892126024,6.62359501239965,NA,NA,-0.0919509674293107,0.0948234250632666,-2.30843431561109,0.858293585502986,NA,NA,0,14648262543.3933,57.2127402006241,5,98,124.425480401248,3.57869872706448,0.00216091031266843,NA,0.98428049334888
"174","2/9/13","~1 ~ S500.mean.VPD__1.2m_Grid.1x1m + S500.mean.VPD__7.8m_Grid.1x1m + S500.sd_PercCanopyDensity + 1",1.48439970692065,2.70695148040519,-1.53660776649308,9.77374208380408,NA,NA,NA,NA,NA,NA,NA,NA,NA,NA,NA,NA,1.53618294407369,9.77333212464133,NA,NA,NA,NA,NA,NA,-0.0919269511459337,0.0950268797839236,-2.31528713206543,0.853796182247689,NA,NA,0,30187410870.7771,57.2470281794956,5,98,124.494056358991,3.6472746848075,0.00208807292482593,NA,0.986368566273706
"175","3/5/13","~1 ~ S500.mean.VPD__10.11m_Grid.1x1m + S500.mean.VPD__3.4m_Grid.1x1m + S500.sd_PercCanopyDensity + 1",1.49922765013859,2.70651604955377,NA,NA,1.59541179383105,6.00606857892413,NA,NA,-1.59582495794998,6.00633499951243,NA,NA,NA,NA,NA,NA,NA,NA,NA,NA,NA,NA,NA,NA,-0.0920979205195833,0.0953808914487697,-2.32527990072688,0.852623573997204,NA,NA,0,10986028014.5821,57.2764719990215,5,98,124.552943998043,3.70616232385932,0.00202748837953887,NA,0.988396054653245
"176","4/8/13","~1 ~ S500.mean.VPD__2.3m_Grid.1x1m + S500.mean.VPD__6.7m_Grid.1x1m + S500.sd_PercCanopyDensity + 1",1.50737344033446,2.8262102957074,NA,NA,NA,NA,-1.61543768899481,8.92849161220975,NA,NA,NA,NA,NA,NA,1.61502575538386,8.92809906712634,NA,NA,NA,NA,NA,NA,NA,NA,-0.09249600385424,0.0989916434798968,-2.32632752136083,0.849470000603832,NA,NA,0,23958264161.6547,57.2800816889449,5,98,124.56016337789,3.71338170370618,0.00202018296823254,NA,0.990416237621477
"177","12/13","~1 ~ S500.mean_MaxHeight + S500.sd_PercCanopyDensity + 1",-2.66178688944228,4.2842039284807,NA,NA,NA,NA,NA,NA,NA,NA,NA,NA,NA,NA,NA,NA,NA,NA,NA,NA,NA,NA,0.206822546869797,0.170284418004459,0.0192431875624869,0.115351526154889,-2.72115308990856,1.31221937689755,NA,NA,0,182195.780410957,58.2907484457511,4,98,124.581496891502,3.73471521731844,0.00199874868816469,NA,0.992414986309642
"178","2/9","~1 ~ S500.mean.VPD__1.2m_Grid.1x1m + S500.mean.VPD__7.8m_Grid.1x1m + 1",-1.04469932062607,0.723457196626824,-1.10149182766919,5.73651419780128,NA,NA,NA,NA,NA,NA,NA,NA,NA,NA,NA,NA,1.10117576060648,5.73628146233231,NA,NA,NA,NA,NA,NA,NA,NA,-2.15020235607714,0.83361541872753,NA,NA,0,12240940439.2134,58.2985318499587,4,98,124.597063699917,3.75028202573363,0.00198325200592033,NA,0.994398238315562
"179","2/10/13","~1 ~ S500.mean.VPD__1.2m_Grid.1x1m + S500.mean.VPD__8.9m_Grid.1x1m + S500.sd_PercCanopyDensity + 1",1.4989364746565,2.76449569508618,-1.71465923070107,9.81941608386401,NA,NA,NA,NA,NA,NA,NA,NA,NA,NA,NA,NA,NA,NA,1.7142589131942,9.8189638513112,NA,NA,NA,NA,-0.092159290863452,0.0969239803046841,-2.34062729022126,0.848116346102726,NA,NA,0,27248079511.2493,57.3212764079761,5,98,124.642552815952,3.79577114176853,0.00193865293135854,NA,0.996336891246921
"180","1","~Julian + 1 ~ 1",-0.662068803210267,0.956156937857429,NA,NA,NA,NA,NA,NA,NA,NA,NA,NA,NA,NA,NA,NA,NA,NA,NA,NA,NA,NA,NA,NA,NA,NA,-3.96905128409301,3.38916238552912,0.00810171619898234,0.0180653172951215,0,3499654.41297367,59.3379715850537,3,98,124.675943170107,3.82916149592373,0.00190655545940423,NA,0.998243446706325
"181","5/11","~1 ~ S500.mean.VPD__3.4m_Grid.1x1m + S500.mean.VPD__9.10m_Grid.1x1m + 1",-1.05125732778602,0.714079465404514,NA,NA,NA,NA,NA,NA,-1.02049053161633,4.82085646342399,NA,NA,NA,NA,NA,NA,NA,NA,NA,NA,1.02021827158132,4.82069285997104,NA,NA,NA,NA,-2.14347010419615,0.817991124619213,NA,NA,0,7341760497.94407,58.4199162414916,4,98,124.839832482983,3.99305080879948,0.00175655329367485,NA,1
