SS,Blackspruce_50,BlackspruceMixCD_50,Bog_50,Fen_50,GrassHerb_50,Jackpine_50,JackpineMixCD_50,JackpineMixWet_50,Shrub_50,Swamp_50,Tamarack_50,TamarackMixCD_50,TamarackMixDC_50,Tremblingaspen_50,TremblingaspenMixCD_50,TremblingaspenMixD_50,TremblingaspenMixDC_50,Water_50,Whitebirch_50,WhitebirchMixD_50,Whitespruce_50,WhitespruceMixWet_50,wtage_50,Blackspruce_150,BlackspruceMixCD_150,BlackspruceMixDC_150,Bog_150,Fen_150,GrassHerb_150,Jackpine_150,JackpineMixC_150,JackpineMixCD_150,JackpineMixWet_150,Shrub_150,Swamp_150,Tamarack_150,TamarackMixCD_150,TamarackMixDC_150,Tremblingaspen_150,TremblingaspenMixCD_150,TremblingaspenMixD_150,TremblingaspenMixDC_150,Water_150,Whitebirch_150,WhitebirchMixD_150,WhitebirchMixDC_150,Whitespruce_150,WhitespruceMixC_150,WhitespruceMixCD_150,WhitespruceMixWet_150,wtage_150,Blackspruce_500,BlackspruceMixCD_500,BlackspruceMixDC_500,Bog_500,Fen_500,GrassHerb_500,Jackpine_500,JackpineMixC_500,JackpineMixCD_500,JackpineMixWet_500,Marsh_500,Shrub_500,Swamp_500,Tamarack_500,TamarackMixCD_500,TamarackMixDC_500,Tremblingaspen_500,TremblingaspenMixCD_500,TremblingaspenMixD_500,TremblingaspenMixDC_500,Water_500,Whitebirch_500,WhitebirchMixD_500,WhitebirchMixDC_500,WhitebirchMixWet_500,Whitespruce_500,WhitespruceMixC_500,WhitespruceMixCD_500,WhitespruceMixWet_500,wtage_500
BG_15_1,0,0,0,0,0,3673.279462,0,0,1204.074876,0,0,0,0,2974.874936,0,0,0,0,0,0,0,0,89,7769.468384,0,0,0,0,0,30943.12956,0,0,5561.116467,4749.180324,0,0,0,0,21656.73175,0,0,0,0,0,0,0,0,0,0,0,97.66666667,281111.3499,64507.57803,0,0,0,0,192087.5897,0,0,157680.793,0,4749.180324,0,0,0,0,85209.40716,0,0,0,0,0,32.19649678,0,0,0,0,0,0,98.342723
BG_15_10,281.4087672,6324.372737,0,0,0,1246.324582,0,0,0,0,0,0,0,0,0,0,0,0,0,0,0,0,82.63636364,20655.09503,36128.8988,0,0,0,0,13835.91547,0,0,0,0,0,60.36220452,0,0,0,0,0,0,0,0,0,0,0,0,0,0,83.35897436,241431.5534,243425.6846,0,0,0,0,107150.1876,0,36025.14886,34345.68633,0,0,0,31707.54774,46159.22018,0,45131.28182,0,0,0,0,0,0,0,0,0,0,0,0,86.91277259
BG_15_100,108.8624753,0,0,0,0,7600.334688,0,0,0,0,0,0,0,143.5447483,0,0,0,0,0,0,0,0,91.22222222,22233.12315,0,0,0,0,0,34270.81214,0,0,0,0,0,0,0,0,14175.41621,0,0,0,0,0,0,0,0,0,0,0,86.2,267110.8003,44826.32604,0,0,0,0,76384.26551,0,0,60742.991,0,0,0,60535.47712,0,0,255091.538,0,0,14250.72898,0,0,0,6435.823817,0,0,0,0,0,89.16666667
BG_15_11,0,6169.259969,0,0,0,1683.752854,0,0,0,0,0,0,0,0,0,0,0,0,0,0,0,0,89,0,48776.00569,0,0,0,0,21906.75395,0,0,0,0,0,0,0,0,0,0,0,0,0,0,0,0,0,0,0,0,89,103876.1669,338523.492,0,0,0,0,205514.2277,0,0,66947.15951,0,0,0,0,0,0,70515.92222,0,0,0,0,0,0,0,0,0,0,0,0,88.83957219
BG_15_12,6600.167866,0,0,0,0,1252.109899,0,0,0,0,0,0,0,0,0,0,0,0,0,0,0,0,89,47435.88178,7835.835316,0,0,0,0,10100.24759,0,5306.857067,0,0,0,0,0,0,0,0,0,0,0,0,0,0,0,0,0,0,86.85714286,285415.3366,293944.4972,0,0,0,0,69290.81389,0,116494.9495,5503.177078,0,0,0,0,0,0,14729.91659,0,0,0,0,0,0,0,0,0,0,0,0,93.0969163
BG_15_13,2077.953952,0,0,0,0,0,4801.230046,0,0,0,0,0,0,973.3748961,0,0,0,0,0,0,0,0,89,24839.79888,882.6784885,0,0,0,0,0,0,33516.17261,0,0,0,0,0,0,11442.11525,0,0,0,0,0,0,0,0,0,0,0,95.36363636,405976.7775,110054.7312,0,0,0,0,66480.00867,0,125926.8203,0,0,0,0,0,0,0,69227.06326,0,0,7713.968285,0,0,0,0,0,0,0,0,0,100.5
BG_15_14,2039.168193,0,0,0,0,5813.250561,0,0,0,0,0,0,0,0,0,0,0,0,0,0,0,0,92.33333333,11487.57217,0,0,0,0,0,58499.57856,0,0,0,0,0,0,0,0,692.3857652,0,0,0,0,0,0,0,0,0,0,0,95.66666667,448605.8074,86931.05134,0,0,0,0,215272.6229,0,17698.83424,0,0,0,0,0,0,0,6924.964657,0,0,9943.470908,0,0,0,0,0,0,0,0,0,99.66225166
BG_15_15,577.0075789,0,0,0,0,7275.31143,0,0,0,0,0,0,0,0,0,0,0,0,0,0,0,0,92.33333333,15601.11788,1064.415573,0,0,0,0,47206.81564,0,0,0,0,0,0,0,0,6806.894991,0,0,0,0,0,0,0,0,0,0,0,92.80952381,248720.4014,37473.43627,0,0,0,0,303688.8203,0,44421.09783,116784.5825,0,0,0,0,0,0,34290.13393,0,0,0,0,0,0,0,0,0,0,0,0,93.19463087
BG_15_16,162.5981113,0,0,0,0,0,0,6597.053762,0,0,0,1092.63282,0,0,0,0,0,0,0,0,0,0,97.57142857,9971.792459,0,0,0,0,0,12050.52798,0,0,31632.54714,0,0,0,13431.79922,0,3593.518594,0,0,0,0,0,0,0,0,0,0,0,94.42857143,165693.6482,12203.97454,0,0,0,0,132170.6823,0,49292.65508,237540.8963,0,4011.383496,0,40167.76655,61243.12266,0,83051.77251,0,0,0,0,0,0,0,0,0,0,0,0,89.88145897
BG_15_17,7851.627181,0,0,0,0,0,0,0,0,0,0,0,0,0,0,0,0,0,0,0,0,0,85.66666667,47890.58448,0,0,0,0,773.0727744,22015.35972,0,0,0,0,0,0,0,0,0,0,0,0,0,0,0,0,0,0,0,0,85.66666667,251845.2194,36083.99822,0,0,0,82282.36339,190964.2163,0,20532.06146,50551.74034,0,16258.29398,0,37569.74263,49006.73205,0,25233.53647,0,0,0,25051.49195,0,0,0,0,0,0,0,0,93.68438538
BG_15_18,0,0,0,0,0,0,0,0,0,0,0,0,0,0,0,0,0,7853.981634,0,0,0,0,0,0,0,0,0,0,2230.997169,0,0,0,0,0,0,0,0,0,0,0,0,0,68450.00731,0,0,0,0,0,0,0,0,111185.7615,0,0,0,0,232101.2721,64047.6913,0,11486.07148,18904.10914,0,0,0,23113.82661,0,0,13920.85289,0,0,0,310618.444,0,0,0,0,0,0,0,0,90.37931034
BG_15_19,1138.687504,0,0,0,0,0,0,0,0,0,5526.223272,0,0,1186.343903,0,0,0,0,0,0,0,0,83.44444444,26428.75756,5924.747572,0,0,0,1671.079566,0,0,0,0,0,0,18825.88331,0,0,17829.93298,0,0,0,0,0,0,0,0,0,0,0,85.19047619,167105.4672,106805.729,0,0,0,58544.11355,63112.90439,0,16336.59678,14680.55052,0,0,2337.910263,77272.23962,20927.12022,0,123830.1637,0,0,0,124917.09,9509.890983,0,0,0,0,0,0,0,84.28688525
BG_15_2,4323.24176,0,0,0,0,0,0,0,0,0,0,0,0,3529.761561,0,0,0,0,0,0,0,0,109,44638.12585,1464.426093,0,0,0,0,2517.530119,8084.086502,0,0,0,0,0,0,0,13975.08445,0,0,0,0,0,0,0,0,0,0,0,110.5,471444.6463,74537.04908,0,0,0,0,100657.2311,21390.00331,0,0,0,0,0,0,0,0,117349.0779,0,0,0,0,0,0,0,0,0,0,0,0,107.2442748
BG_15_20,0,2699.788205,0,0,0,0,0,3789.6116,0,0,0,0,0,1362.914346,0,0,0,0,0,0,0,0,79,0,24049.82687,0,0,0,0,8490.598459,0,0,28337.10394,0,0,0,0,0,9803.281785,0,0,0,0,0,0,0,0,0,0,0,79,114619.6601,221586.8824,0,0,0,0,178454.1383,0,0,49597.7534,0,0,0,0,20627.09395,0,198895.5764,0,0,0,0,1594.920779,0,0,0,0,0,0,0,81.83154122
BG_15_21,0,482.6632455,1643.881253,255.1679504,0,5470.005605,0,0,0,0,0,0,0,0,0,0,0,0,0,0,0,0,89,0,17692.56995,0,1829.566082,2606.057264,0,33079.28853,0,0,7604.481116,0,0,0,0,0,7867.318366,0,0,0,0,0,0,0,0,0,0,0,87.59649123,72609.21998,298697.9582,0,1829.566082,2606.057264,0,165859.7986,0,0,108944.2143,0,0,0,0,0,0,134828.8901,0,0,0,0,0,0,0,0,0,0,0,0,87.41463415
BG_15_22,0,7852.458645,0,0,0,0,0,0,0,0,0,0,0,0,0,0,0,0,0,0,0,0,89,267.4562215,54695.74781,0,0,0,0,11014.96968,0,1553.050564,0,0,0,0,0,0,3147.406699,0,0,0,0,0,0,0,0,0,0,0,91.59259259,50955.57953,396749.3563,0,0,0,0,106392.6775,0,117083.587,12190.35906,0,0,0,0,0,0,92038.64719,0,0,0,0,0,9968.470505,0,0,0,0,0,0,89.63380282
BG_15_23,0,0,0,0,0,14.51811764,1356.497074,2252.181832,0,0,0,0,0,4229.588282,0,0,0,0,0,0,0,0,82.33333333,5161.488456,16870.98196,0,0,0,0,8611.044477,0,11072.08237,14633.61702,0,0,0,0,0,14331.03943,0,0,0,0,0,0,0,0,0,0,0,88.64285714,175528.879,152319.854,0,1971.93282,196.98,0,47723.46137,0,124473.0864,99719.23822,0,0,0,0,0,0,176214.3397,0,0,0,0,0,7228.734594,0,0,0,0,0,0,94.64263323
BG_15_24,5555.055262,2296.700338,0,0,0,0,0,0,0,0,0,0,0,0,0,0,0,0,0,0,0,0,106.6923077,36551.12736,23912.78287,0,0,0,0,553.0916365,0,0,9663.076831,0,0,0,0,0,0,0,0,0,0,0,0,0,0,0,0,0,101.4561404,373589.989,115052.1234,0,1971.93282,196.98,22158.39534,119074.9815,0,25361.55297,90265.38087,0,0,0,12526.79285,0,3098.086065,22082.22406,0,0,0,0,0,0,0,0,0,0,0,0,98.34466019
BG_15_26,0,0,0,0,0,0,0,0,0,0,7852.15582,0,0,0,0,0,0,0,0,0,0,0,69,4536.65193,0,0,0,1451.509522,0,22777.48297,0,0,0,0,786.3817336,37893.45659,0,0,3233.293514,0,0,0,0,0,0,0,0,0,0,0,81.25806452,152009.1977,8249.917291,0,0,3505.707818,2951.888148,226548.7176,0,51078.93848,51257.52606,0,9222.076558,961.8457686,159050.0486,2185.347552,0,107271.0196,8307.271647,0,0,2778.926607,0,0,0,0,0,0,0,0,85.63911846
BG_15_27,0,0,0,0,5833.401472,404.7569985,0,0,0,0,248.7465658,0,0,0,0,0,0,1364.986989,0,0,0,0,89,3665.289648,0,0,0,0,28738.3262,10657.91981,0,0,0,0,0,17162.19199,0,0,0,0,0,0,10455.71381,0,0,0,0,0,0,0,89,229102.2628,20897.25722,0,0,3498.106751,114571.4306,178372.6063,0,51327.54724,3583.119779,0,16258.29398,961.8457686,150716.1937,0,0,4317.510243,0,0,0,11772.23298,0,0,0,0,0,0,0,0,86.66497462
BG_15_28,0,0,0,0,2467.591162,0,0,0,0,0,4294.326866,0,0,1090.302991,0,0,0,0,0,0,0,0,89,110.805947,0,0,0,0,20286.94838,0,0,0,9337.325515,0,0,26284.49509,0,0,14659.57803,0,0,0,0,0,0,0,0,0,0,0,87.26086957,98886.80105,23122.87825,0,0,0,267164.5353,66291.77499,0,2079.819291,18742.60359,0,0,4159.469838,139822.2385,0,0,46085.22707,0,0,0,119020.0552,0,0,0,0,0,0,0,0,87.30508475
BG_15_29,744.9566004,0,0,0,0,1095.320451,0,170.3315695,0,0,0,0,0,5841.47937,0,0,0,0,0,0,0,0,86,29268.09016,1675.963803,0,0,0,0,12621.82722,0,0,4199.817167,0,0,0,0,0,22913.76065,0,0,0,0,0,0,0,0,0,0,0,87.33333333,242102.2429,58940.07499,0,0,0,57731.94326,40500.68123,0,16342.48242,29673.44893,0,0,5071.395023,68807.84474,11941.14433,0,187090.4056,0,0,16289.99837,31895.18669,16042.70442,0,0,0,2947.207137,0,0,0,87.33333333
BG_15_3,3230.879478,0,0,0,0,0,0,0,0,0,0,0,0,4620.608318,0,0,0,0,0,0,0,0,109,40910.77701,0,0,0,0,0,0,0,0,0,0,0,0,0,0,29768.53494,0,0,0,0,0,0,0,0,0,0,0,117.8235294,486432.1223,635.6446428,0,0,0,0,13581.99232,1529.087139,4839.466681,0,0,0,0,0,0,0,139726.243,0,0,72238.34767,0,0,0,0,0,26188.74305,0,0,40206.73861,115.4556962
BG_15_30,0,0,0,0,0,0,1495.966877,0,0,0,0,0,0,6355.973043,0,0,0,0,0,0,0,0,85.66666667,10525.58939,0,0,0,0,0,0,0,13781.55214,0,0,0,0,0,0,46372.2479,0,0,0,0,0,0,0,0,0,0,0,87.0952381,252095.0705,47391.53966,0,0,0,0,21699.25997,0,44225.17202,12968.99684,0,0,0,0,21264.52297,0,304871.214,0,0,10244.15075,0,15790.05179,0,0,0,22611.62788,0,0,32215.86436,87.49642005
BG_15_31,0,811.0748168,0,0,0,6054.044578,0,0,0,0,0,0,0,986.5432148,0,0,0,0,0,0,0,0,85,0,12922.50237,0,0,0,0,30637.47249,0,0,0,0,0,0,0,0,27119.88076,0,0,0,0,0,0,0,0,0,0,0,85.66666667,7047.971384,63942.87225,0,0,0,0,289699.3318,0,0,38495.87317,0,0,0,34310.89657,2587.452337,0,333011.784,0,0,0,0,16280.62375,0,0,0,0,0,0,0,84.22727273
BG_15_32,0,0,0,0,0,7838.037235,0,0,0,0,0,0,0,14.40059498,0,0,0,0,0,0,0,0,84,5723.709093,4924.858891,0,0,0,0,33689.81472,0,0,0,0,0,0,0,0,26339.66781,0,0,0,0,0,0,0,0,0,0,0,87.33333333,121420.0753,124267.6593,0,0,0,0,255026.3841,0,0,0,0,0,0,0,0,0,226453.8494,0,0,0,0,0,43321.51795,0,14884.09955,0,0,0,0,85.13043478
BG_15_33,4606.106522,0,0,0,0,0,0,0,0,0,0,0,0,3246.819018,0,0,0,0,0,0,0,0,97.33333333,35729.38688,0,0,0,0,0,0,0,0,0,0,0,0,0,0,34946.81637,0,0,0.781475688,0,0,3.111972143,0,0,0,0,0,94.83333333,366516.2303,16526.66951,0,0,0,0,40512.81501,0,0,36156.98999,0,0,0,0,0,0,244413.0243,0,0,12888.14606,0,0,53478.76037,0,14884.09955,0,0,0,0,92.79807692
BG_15_34,7853.981634,0,0,0,0,0,0,0,0,0,0,0,0,0,0,0,0,0,0,0,0,0,119,55953.58968,0,0,0,0,0,14726.08955,0,0,0,0,0,0,0,0,0,0,0,0,0,0,0,0,0,0,0,0,102.3333333,497575.5875,22120.68406,0,0,0,791.0416877,143379.2155,0,0,36701.24435,0,0,0,0,0,9372.333553,44421.41521,30208.80374,0,807.3426341,0,0,0,0,0,0,0,0,0,97.76623377
BG_15_35,308.5139419,0,0,0,0,4889.086032,0,0,0,0,0,0,696.4824149,0,1958.626809,0,0,0,0,0,0,0,89.90909091,6562.045229,0,0,0,0,0,36184.80166,0,0,0,0,0,0,0,11150.31109,0,16782.42906,0,0,0,0,0,0,0,0,0,0,85.38888889,169561.0195,35386.45799,0,0,18.27591743,26745.3411,342828.3592,0,0,0,0,29834.16185,0,0,0,41940.69837,53475.65174,75498.61215,0,0,10090.05606,0,0,0,0,0,0,0,0,90.10144928
BG_15_36,0,0,0,0,0,5315.179773,0,2536.794913,0,0,0,0,0,0,0,0,0,0,0,0,0,0,79,0,0,0,0,0,0,45187.2366,0,0,12401.76893,0,0,4706.023686,0,0,8384.780312,0,0,0,0,0,0,0,0,0,0,0,83.23076923,49314.10864,0,0,0,0,0,328296.3919,0,0,27660.47527,0,40277.84166,0,244315.7284,6101.844255,389.2143606,70354.642,0,0,0,18628.69753,0,0,0,0,0,0,0,0,84.24390244
BG_15_37,0,0,0,0,0,0,0,0,0,0,7852.499145,0,0,0,0,0,0,0,0,0,0,0,89,0,0,0,0,0,0,10685.70505,0,0,0,0,0,52431.72025,0,0,0,0,0,0,7562.322707,0,0,0,0,0,0,0,84.16129032,32922.79235,50179.29861,0,0,0,7731.856732,279061.7398,0,0,10251.08595,0,0,0,383375.7534,6110.061066,0,4703.690927,0,0,0,11041.92032,0,0,0,0,0,0,0,0,85.63865546
BG_15_38,6644.534233,832.5452672,0,0,0,375.2832306,0,0,0,0,0,0,0,0,0,0,0,0,0,0,0,0,111.3076923,30185.6573,22969.56091,0,0,0,0,13700.49892,0,0,0,0,0,3823.683607,0,0,0,0,0,0,0,0,0,0,0,0,0,0,96.20930233,228768.6652,80846.92993,0,0,0,67846.19892,159540.7634,0,0,63552.47246,0,0,0,156236.8519,0,0,0,0,0,0,28584.20638,0,0,0,0,0,0,0,0,86.32038835
BG_15_39,106.1048132,2268.904711,1136.391704,2007.856957,0,0,0,177.6143369,0,377.2310857,1777.870111,0,0,0,0,0,0,0,0,0,0,0,81.91666667,10748.03731,24049.85406,0,1206.629536,3776.343101,0,0,0,0,16940.09724,0,1282.50037,12676.50122,0,0,0,0,0,0,0,0,0,0,0,0,0,0,83.18918919,198542.8903,107966.815,0,1206.629536,3776.343101,32903.28703,50934.2967,0,24714.61156,116785.7195,0,0,1282.50037,174724.9787,0,0,36722.81271,0,0,20345.9915,963.9898197,0,0,0,0,14507.17275,0,0,0,86.44460857
BG_15_4,7851.669685,0,0,0,0,0,0,0,0,0,0,0,0,0,0,0,0,0,0,0,0,0,111.5,64213.56094,0,0,0,0,0,6466.76925,0,0,0,0,0,0,0,0,0,0,0,0,0,0,0,0,0,0,0,0,105.4864865,562719.7214,23597.99253,0,0,0,0,46857.52238,0,47849.49311,0,0,0,0,0,0,0,6847.847946,0,0,72237.86956,0,0,0,0,0,683.928272,0,0,24582.54948,105.539924
BG_15_40,1964.283601,0,0,0,0,0,5887.476502,0,0,0,0,0,0,0,0,0,0,0,0,0,0,0,101.8,19633.57544,0,0,0,0,0,1961.101233,0,48052.56636,0,0,0,0,0,0,0,0,0,0,0,0,0,0,0,0,0,1031.938604,99.51282051,127129.9608,44300.49002,0,0,0,0,170185.147,0,132259.7871,59043.96623,0,0,0,19791.30222,0,0,145029.0604,0,0,20345.9915,0,0,0,0,0,33598.51321,0,0,33693.76927,87.87343533
BG_15_41,7783.999008,0,0,0,0,68.43183471,0,0,0,0,0,0,0,0,0,0,0,0,0,0,0,0,81.22222222,41127.62144,0,0,0,0,0,15972.06633,0,0,0,0,0,13581.07267,0,0,0.834707476,0,0,0,0,0,0,0,0,0,0,0,84,149295.8528,27655.57376,0,0,0,0,258671.7511,0,0,0,0,0,0,224496.9438,0,0,125255.404,0,0,0,0,0,0,0,0,0,0,0,0,83.70588235
BG_15_42,5246.663676,0,0,0,0,2605.3036,0,0,0,0,0,0,0,0,0,0,0,0,0,0,0,0,86.5,21210.86519,0,0,0,0,0,34650.05162,0,0,0,0,0,0,0,0,14819.53204,0,0,0,0,0,0,0,0,0,0,0,81.96296296,233835.2104,440.2056784,0,2339.850502,6345.200887,0,394000.7114,0,0,450.5588766,0,0,0,0,0,0,143842.4457,0,0,0,0,0,701.3474399,0,3422.507691,0,0,0,0,81.103125
BG_15_43,0,0,0,0,0,6361.668527,0,0,0,0,0,0,0,1490.593106,0,0,0,0,0,0,0,0,79,2997.952527,0,0,0,0,0,40098.03029,0,0,0,0,0,0,0,0,27585.8989,0,0,0,0,0,0,0,0,0,0,0,83.09090909,365496.9786,0,0,2339.850502,6345.200887,0,144218.1812,0,0,36741.44216,0,0,0,0,0,0,171581.1816,0,0,12888.14606,30574.98278,0,15190.75607,0,0,0,0,0,0,85.82098765
BG_15_44,7852.950314,0,0,0,0,0,0,0,0,0,0,0,0,0,0,0,0,0,0,0,0,0,95.66666667,54270.55865,0,0,0,0,0,0,0,0,0,0,0,0,0,0,0,0,0,0,16409.65763,0,0,0,0,0,0,0,95.36363636,415676.0047,70632.83648,0,0,1513.66188,0,88957.68045,0,0,0,0,0,1188.162091,0,0,0,28659.58445,0,0,236.6438893,178515.2077,0,0,0,0,0,0,0,0,93.46428571
BG_15_45,0,7852.353618,0,0,0,0,0,0,0,0,0,0,0,0,0,0,0,0,0,0,0,0,99,0,67894.87667,0,0,2.895433677,0,2781.330055,0,0,0,0,0,0,0,0,0,0,0,0,0,0,0,0,0,0,0,0,95,278172.8498,164250.4886,0,0,1513.66188,0,209596.4409,0,0,0,0,16417.89256,1188.162091,0,0,0,83348.29852,10463.03436,0,0,20428.0374,0,0,0,0,0,0,0,0,89.02439024
BG_15_46,2515.732767,0,0,0,0,1302.618172,0,0,0,0,0,4033.431925,0,0,0,0,0,0,0,0,0,0,91,18417.55308,0,0,0,0,0,18962.40776,0,0,0,0,0,0,33298.87157,0,0,0,0,0,0,0,0,0,0,0,0,0,89,155563.1684,58738.13935,0,0,0,0,265697.5771,0,0,4064.61641,0,21542.49086,0,63744.25613,111139.4777,0,89662.0325,0,0,0,15225.35466,0,0,0,0,0,0,0,0,85.25
BG_15_47,0,0,0,0,0,0,0,3684.322602,0,0,4168.178062,0,0,0,0,0,0,0,0,0,0,0,83,0,3230.745543,0,0,0,0,1240.755352,0,0,12952.46846,6861.065463,0,45573.66669,821.4184725,0,0,0,0,0,0,0,0,0,0,0,0,0,85.20689655,123136.0393,31696.62375,0,281.3433298,2976.139022,0,174644.4311,0,0,60686.28128,0,49645.92105,0,219953.185,66917.37342,0,11320.25064,0,0,0,44118.04222,0,0,0,0,0,0,0,0,85.73728814
BG_15_48,1.549609883,0,0,0,0,4494.410784,0,0,0,0,3356.212101,0,0,0,0,0,0,0,0,0,0,0,85,20739.7978,0,0,0,0,0,18965.18167,0,0,0,0,0,30977.13585,0,0,0,0,0,0,0,0,0,0,0,0,0,0,84.78947368,203799.9152,16018.34535,0,1305.566447,3518.977249,0,137893.7253,0,0,72211.84792,0,5905.794437,0,341607.8337,0,0,3113.994471,0,0,0,0,0,0,0,0,0,0,0,0,85.08879493
BG_15_49,1407.768898,0,0,0,0,0,0,0,0,0,6444.614155,0,0,0,0,0,0,0,0,0,0,0,89,25772.39018,0,0,0,0,0,4238.095805,0,0,143.7552516,0,0,31414.23039,0,0,9111.944701,0,0,0,0,0,0,0,0,0,0,0,86.19298246,119686.8212,11181.9506,0,1102.533515,706.7419146,0,178539.2822,0,0,100598.769,0,9713.929687,0,335920.8463,0,0,23039.68525,0,0,0,487.318687,0,0,0,0,0,4399.686572,0,0,83.86178862
BG_15_5,0,907.2254669,0,0,0,6944.117588,0,0,0,0,0,0,0,0,0,0,0,0,0,0,0,0,95,5466.741488,20704.37129,0,0,0,0,33013.74718,0,229.9758667,11265.56041,0,0,0,0,0,0,0,0,0,0,0,0,0,0,0,0,0,89.26315789,221831.3828,219244.7348,0,0,0,0,131508.5571,0,80923.30381,124284.0323,0,0,0,7586.843853,0,0,0,0,0,0,0,0,0,0,0,0,0,0,0,90.85897436
BG_15_50,120.5590339,0,0,0,0,7731.163699,0,0,0,0,0,0,0,0,0,0,0,0,0,0,0,0,74.55555556,8103.035516,0,0,0,0,0,62576.15837,0,0,0,0,0,0,0,0,0,0,0,0,0,0,0,0,0,0,0,0,76.85714286,219016.2447,0,0,0,3292.666323,0,367055.609,0,3234.780088,83924.91227,0,50670.7064,0,46695.66852,0,0,9744.696849,0,0,0,1742.639565,0,0,0,0,0,0,0,0,83.10029499
BG_15_51,7757.541551,0,0,0,0,94.78091209,0,0,0,0,0,0,0,0,0,0,0,0,0,0,0,0,87,47539.98185,0,0,0,0,0,19747.1009,0,0,0,0,0,1628.999921,0,0,1763.38664,0,0,0,0,0,0,0,0,0,0,0,84.38461538,314230.1567,30626.70396,0,0,0,0,298776.5668,0,0,0,0,0,0,94849.32088,0,0,46892.37983,0,0,0,0,0,0,0,0,0,0,0,0,82.24712644
BG_15_52,0,0,0,0,0,2663.626443,0,0,0,0,0,0,0,5188.862039,0,0,0,0,0,0,0,0,81,560.4522794,0,0,0,0,0,32259.17401,0,0,0,0,0,0,0,0,37858.97678,0,0,0,0,0,0,0,0,0,0,0,80.33333333,278576.729,33627.15723,2288.90489,0,0,0,221320.2294,0,0,67762.43055,0,0,0,13426.95509,0,0,168374.3743,0,0,0,0,0,0,0,0,0,0,0,0,80.53723404
BG_15_53,0,0,0,0,0,0,0,7853.739401,0,0,0,0,0,0,0,0,0,0,0,0,0,0,84,12721.2936,17591.82456,0,0,0,0,7099.466034,0,0,33269.16898,0,0,0,0,0,0,0,0,0,0,0,0,0,0,0,0,0,81.14285714,230246.4367,80574.50878,6625.614366,0,0,0,154214.6209,0,0,130240.9666,0,0,0,7795.690462,11237.38235,0,130503.6961,0,0,0,33937.78513,0,0,0,0,0,0,0,0,82.14893617
BG_15_54,0,2664.22586,0,0,0,0,0,0,0,0,0,5187.425481,0,0,0,0,0,0,0,0,0,0,99,8851.835707,26673.19357,0,0,0,0,0,0,0,0,0,0,0,21608.19005,0,0,0,0,0,13547.27116,0,0,0,0,0,0,0,101.5,191806.0723,142527.568,0,0,0,0,122062.9478,0,0,5231.421772,0,0,0,706.3014344,27058.02027,0,82602.68298,0,0,0,176759.3093,9308.452642,0,0,0,0,0,27313.34003,0,91.9020979
BG_15_55,38.97476234,16.63517332,0,0,0,1528.339135,0,0,0,0,0,0,0,6267.732905,0,0,0,0,0,0,0,0,90.53846154,16651.02367,7058.289325,0,0,0,0,15527.88009,0,0,0,0,0,0,0,0,31441.68223,0,0,0,0,0,0,0,0,0,0,0,88.0625,253888.4448,91100.79522,0,0,0,0,209836.8625,0,0,15769.03766,0,0,0,7471.169427,545.0710415,0,199758.2572,0,0,0,0,0,0,0,0,0,0,7008.044159,0,89.08108108
BG_15_56,4344.061586,0,0,0,0,0,0,0,0,0,0,0,0,3508.14468,0,0,0,0,0,0,0,0,89,35945.95986,0,0,0,0,0,23128.61996,0,0,0,0,0,0,0,0,11604.14856,0,0,0,0,0,0,0,0,0,0,0,84.40540541,391261.6002,0,0,0,0,0,286855.4434,0,0,26453.64296,0,1502.852103,0,0,23071.33953,0,56234.03139,0,0,0,0,0,0,0,0,0,0,0,0,84.07117438
BG_15_57,0,0,0,0,0,4145.822223,0,34.30005804,3671.896689,0,0,0,0,0,0,0,0,0,0,0,0,0,79,4212.478467,0,0,0,0,0,15625.00834,0,0,16027.8527,11289.5663,0,13014.12964,0,0,0,0,0,0,10509.79668,0,0,0,0,0,0,0,83.4,206398.2672,8543.698452,0,0,1747.012061,62501.33286,133826.439,0,0,92151.75598,0,57117.88502,0,142144.5729,2570.905346,0,8824.975827,0,0,0,69159.56096,0,0,0,0,0,0,0,390.4151979,84.18442623
BG_15_58,429.7688459,0,0,0,0,0,0,0,0,0,3655.414828,0,0,0,0,0,0,93.75596639,0,0,0,3673.680685,94.45454545,9940.132462,0,0,0,0,0,689.1553725,0,0,0,0,0,45503.18886,0,0,0,0,0,0,213.1013312,0,0,0,0,0,0,14334.14077,91.22222222,99189.96103,0,0,1430.800455,4020.143195,54104.36613,171684.5348,0,0,65791.1852,0,7174.500103,443.0371498,294281.6614,0,0,48500.23232,0,0,0,11450.28716,0,0,0,0,659.031432,10491.27416,0,16159.78139,86.51824818
BG_15_59,0,0,0,0,0,0,0,6258.152665,855.2255725,0,0,0,0,738.4894355,0,0,0,0,0,0,0,0,85,0,0,0,0,0,0,1058.07771,0,0,33404.13462,14319.01471,0,0,0,0,18626.66812,0,0,0,121.7567887,0,0,0,0,3150.016087,0,0,87.38709677,63049.94543,0,0,1102.533515,706.7419146,0,176718.5704,0,0,113720.0489,0,39001.28383,0,86466.69408,0,0,194809.7661,0,0,2378.79269,1139.714786,0,0,0,0,86932.42596,15647.07232,0,3703.997094,96.41873805
BG_15_6,5353.269623,0,0,0,0,0,0,2498.88825,0,0,0,0,0,0,0,0,0,0,0,0,0,0,90.42857143,26555.3628,0,0,0,0,0,8324.993608,0,0,35006.84644,0,0,793.1208281,0,0,0,0,0,0,0,0,0,0,0,0,0,0,87.25396825,82760.59623,241972.9828,0,0,0,0,82589.93796,0,28272.35929,272590.7184,0,0,0,38353.3434,38838.10846,0,0,0,0,0,0,0,0,0,0,0,0,0,0,90.36246787
BG_15_60,978.975555,0,0,0,0,6873.288021,0,0,0,0,0,0,0,0,0,0,0,0,0,0,0,0,76.77777778,22299.9346,0,0,0,0,0,42220.14565,0,0,0,15.9235577,0,0,0,0,6143.525316,0,0,0,0,0,0,0,0,0,0,0,76.94871795,331025.9511,0,0,0,3292.666323,0,228042.7948,0,0,34034.19594,0,63170.4947,0,0,0,0,84991.91169,0,0,3563.977405,1457.176386,0,0,0,0,35796.89003,0,0,0,84.27377522
BG_15_61,0,0,0,0,0,1299.994679,0,0,0,0,0,0,0,6551.606139,0,0,0,0,0,0,0,0,85,10452.5062,0,0,0,0,0,29974.40998,0,0,0,0,0,3019.176263,0,0,27234.24134,0,0,0,0,0,0,0,0,0,0,0,82.63636364,289618.5756,78227.79526,0,0,0,0,268772.5374,0,0,0,0,0,0,85268.18495,0,0,63489.85764,0,0,0,0,0,0,0,0,0,0,0,0,82.59855335
BG_15_62,897.7214831,0,0,0,0,6953.976687,0,0,0,0,0,0,0,0,0,0,0,0,0,0,0,0,84,23150.78469,836.7306835,712.1512341,0,0,0,45401.06417,0,0,0,0,0,0,0,0,578.9211113,0,0,0,0,0,0,0,0,0,0,0,82.05263158,219029.2738,45428.43873,24822.09635,0,2551.656642,0,272238.9573,0,0,39953.9201,0,0,1704.261119,17655.55972,37148.78899,0,124361.8021,0,0,0,0,0,0,0,0,482.6603072,0,0,0,82.17460317
BG_15_63,0,0,0,0,0,5265.380884,0,1262.491828,0,0,0,0,0,1324.282135,0,0,0,0,0,0,0,0,81.5,888.6223562,0,0,0,0,0,36919.61228,0,0,11681.47607,0,0,640.2113926,1653.006312,0,18897.02975,0,0,0,0,0,0,0,0,0,0,0,80.19047619,75255.09026,23941.83082,24822.09635,0,2551.656642,0,210860.5768,0,0,54400.14853,0,0,1704.261119,232048.911,37148.78899,0,122644.6055,0,0,0,0,0,0,0,0,0,0,0,0,82.4302926
BG_15_64,2029.680855,0,0,0,0,0,0,0,0,0,0,0,0,1303.088255,0,4519.025343,0,0,0,0,0,0,89,24452.87566,0,0,0,0,0,6790.084463,0,0,0,0,0,175.8176244,0,0,21159.6476,0,18101.16962,0,0,0,0,0,0,0,0,0,88.75609756,177673.619,33813.6112,0,0,0,0,260730.5188,0,0,33111.94953,0,0,0,79928.13399,0,0,145316.5914,0,18181.00832,0,0,9308.452642,0,0,0,0,0,27313.88872,0,91.49152542
BG_15_65,7554.150829,0,0,297.8856865,0,0,0,0,0,0,0,0,0,0,0,0,0,0,0,0,0,0,89,42015.44924,0,0,0,2384.895728,0,6631.549085,0,0,904.9833006,0,0,10332.70152,0,0,1678.643854,0,0,0,6731.588414,0,0,0,0,0,0,0,90.3,314543.8297,10660.27096,0,0,2384.895728,4012.887047,231794.1167,0,0,63171.24095,0,0,0,28527.90017,0,0,99958.9373,0,24.8658302,0,10244.70397,0,0,0,0,0,0,20054.32355,0,89.40826873
BG_15_66,3756.870939,30.78224583,0,0,0,4064.108162,0,0,0,0,0,0,0,0,0,0,0,0,0,0,0,0,83,33361.07699,16256.49914,0,0,0,1314.269171,19747.80366,0,0,0,0,0,0,0,0,0,0,0,0,0,0,0,0,0,0,0,0,85.02150538,320201.9754,21057.31007,0,0,0,8221.038204,305628.8057,0,0,64156.94714,0,17100.30847,0,34173.94108,3769.543639,0,3075.994147,0,0,0,7991.260879,0,0,0,0,0,0,0,0,83.63035019
BG_15_67,2168.480121,0,159.1695,67.78562657,0,0,0,0,0,0,0,5456.904592,0,0,0,0,0,0,0,0,0,0,89,21030.59003,0,0,159.1695,460.4058864,478.6989435,10363.03964,0,0,6289.750286,4488.29635,0,0,24591.39339,0,0,0,0,0,2818.215286,0,0,0,0,0,0,0,85.20689655,262696.0272,0,0,159.1695,460.4058864,45788.46426,177883.7512,0,0,137446.1467,0,38726.96272,0,15398.87996,25915.54828,0,20258.44991,0,0,4749.291857,55896.56597,0,0,0,0,0,0,0,0,84.22906793
BG_15_68,0,0,0,0,0,5553.68123,0,0,0,0,0,0,0,2298.205935,0,0,0,0,0,0,0,0,89,3859.062036,0,0,0,0,0,24898.85475,0,0,0,0,0,0,0,0,34590.91765,0,0,2334.457989,0,0,0,0,4996.015721,0,0,0,92.07692308,157492.6696,0,0,2817.147968,1731.099256,31926.65514,114725.4278,0,22021.41916,50937.31071,0,963.6400066,1343.03715,23044.75387,0,0,234861.9675,0,0,27115.45953,53482.75444,0,29031.05004,0,0,33658.65867,0,0,223.4032854,88.31389365
BG_15_69,3346.155885,0,0,0,0,0,0,0,0,0,0,0,0,4505.95714,0,0,0,0,0,0,0,0,93.44444444,17934.70522,0,0,0,0,0,0,0,6592.557513,1955.316072,0,0,0,0,0,38937.99049,0,0,0,0,0,0,0,5259.514005,0,0,0,94.96774194,188846.7044,0,0,2691.91396,1229.933309,0,10676.07644,0,24668.86446,69760.24776,0,0,0,0,33210.43069,0,311520.5533,0,0,27105.05731,0,0,19594.97009,0,0,96070.41975,0,0,0,94.68249258
BG_15_7,7012.264461,839.7765724,0,0,0,0,0,0,0,0,0,0,0,0,0,0,0,0,0,0,0,0,104.7142857,29658.44873,23702.81457,0,0,0,5198.614807,12118.85195,0,0,0,0,0,0,0,0,0,0,0,0,0,0,0,0,0,0,0,0,99.43478261,144781.8182,166668.0661,0,0,0,51099.08902,133167.0606,0,0,117840.1733,0,0,0,31689.21123,30161.35476,0,0,0,0,0,109971.019,0,0,0,0,0,0,0,0,96.43589744
BG_15_70,7852.038439,0,0,0,0,0,0,0,0,0,0,0,0,0,0,0,0,0,0,0,0,0,79,68642.48555,408.6537697,0,0,0,0,0,0,0,0,0,0,0,85.25529257,0,1543.280747,0,0,0,0,0,0,0,0,0,0,0,76.48031496,456896.7028,38476.50214,0,0,0,0,0,0,0,70966.82884,0,0,0,0,33210.43069,0,165574.8548,0,0,3563.977405,0,0,0,0,0,16687.47678,0,0,0,80.87777778
BG_15_71,7851.513125,0,0,0,0,0,0,0,0,0,0,0,0,0,0,0,0,0,0,0,0,0,90.42857143,70678.4453,0,0,0,0,0,0.253993865,0,0,0,0,0,0,0,0,0,0,0,0,0,0,0,0,0,0,0,0,91.25,406064.1273,51460.03723,0,0,1613.029333,0,196335.5691,0,0,28262.15986,0,0,118.0554148,0,19.65934603,0,101504.9543,0,0,0,0,0,0,0,0,0,0,0,0,86.75835866
BG_15_72,242.5118631,0,0,0,0,0,0,4137.726222,0,0,0,1251.345169,0,2220.530181,0,0,0,0,0,0,0,0,84.71428571,4701.388366,0,0,0,0,0,0,0,0,27817.24433,0,0,0,11257.93201,0,26070.54714,0,0,0,0,0,0,0,831.8035316,0,0,0,82.90625,119837.7303,45434.48379,0,0,131.3777098,0,163670.5576,0,0,87909.41386,0,0,860.5340204,47053.08901,87036.78095,0,206859.0606,0,0,0,0,0,0,0,0,26586.04485,0,0,0,85.07191316
BG_15_73,0,808.6597143,0,0,0,0,0,0,0,0,7044.092605,0,0,0,0,0,0,0,0,0,0,0,84,0,28012.18312,0,0,3181.453106,0,0,0,0,0,0,4031.665162,35455.44449,0,0,0,0,0,0,0,0,0,0,0,0,0,0,86.69230769,54526.02973,145025.1037,0,6239.47683,13907.01178,0,16383.29831,0,0,105864.5974,1912.191825,0,13094.65073,246310.9263,98004.71087,0,57522.55861,0,0,0,0,0,0,0,0,26586.04485,0,0,0,86.49621785
BG_15_74,1835.804237,0,0,0,0,0,0,0,0,0,0,0,0,0,0,0,6016.142218,0,0,0,0,0,89,28780.81565,0,0,0,0,0,109.9172669,0,0,18553.72932,0,0,0,0,0,0,0,0,23236.12808,0,0,0,0,0,0,0,0,88.85294118,226280.1358,31296.89039,0,6846.75169,12223.69871,0,45275.1404,0,0,251158.5394,2742.395068,0,8391.324454,66897.07103,5464.199897,0,102252.9789,0,3312.441404,23236.12805,0,0,0,0,0,0,0,0,0,88.41676505
BG_15_75,0,0,0,0,0,0,0,7851.956196,0,0,0,0,0,0,0,0,0,0,0,0,0,0,79,2582.837055,7410.372315,0,0,0,0,0,0,0,53444.73959,0,0,7242.173088,0,0,0,0,0,0,0,0,0,0,0,0,0,0,80.49253731,147188.4926,87480.08471,0,0,0,5868.017813,189374.8513,0,0,173494.4173,0,72890.64956,0,67690.93204,34675.625,0,0,0,0,5784.820901,882.0872556,0,0,0,0,0,0,47.07743673,0,84.3909465
BG_15_77,0,0,0,0,0,0,0,0,0,0,0,0,0,0,0,0,7851.711221,0,0,0,0,0,89,11408.44523,0,0,0,0,0,0,0,0,6337.46734,0,0,0,770.4629339,0,13839.04998,0,0,34815.03255,0,0,2114.14078,0,0,0,1395.435765,0,87.16901408,148477.1518,55292.32572,0,0,0,0,47113.93923,0,0,120687.3829,0,69372.41731,0,0,38598.76182,0,167464.4033,0,0,52165.14028,3159.073473,0,30474.89499,19500.64796,0,0,0,33070.92291,0,88.79680697
BG_15_78,6421.148866,0,0,0,0,0,0,1328.022458,0,0,0,0,0,0,0,0,0,0,0,102.8546355,0,0,79,24754.60335,0,0,0,0,0,0,0,0,16555.52624,0,0,0,0,0,10373.55897,0,0,630.3578848,0,0,18365.18668,0,0,0,0,0,84,178834.6891,0,0,734.6011277,721.1515298,0,1696.274504,0,0,78487.28632,0,0,900,0,0,0,397823.9765,0,0,34188.74583,0,0,73893.30249,0,0,0,0,18098.43776,0,87.64300626
BG_15_79,3442.019062,0,0,0,0,0,0,3363.023636,0,0,0,0,0,1046.633387,0,0,0,0,0,0,0,0,85.66666667,40674.41037,0,0,0,0,0,0,0,0,17489.91738,0,0,0,0,0,9177.668361,0,0,0,0,0,3337.618148,0,0,0,0,0,83.58333333,388239.4905,1267.205459,0,0,3.180471639,0,71002.67929,0,330.2800431,103656.995,0,0,0,0,0,0,167242.9813,0,0,12523.65419,0,0,41109.92851,0,0,0,0,0,0,85.13893376
BG_15_8,7852.327775,0,0,0,0,0,0,0,0,0,0,0,0,0,0,0,0,0,0,0,0,0,89,66775.1181,0,0,0,0,3904.529407,0,0,0,0,0,0,0,0,0,0,0,0,0,0,0,0,0,0,0,0,0,89,265268.3326,9044.142051,0,0,0,125128.8647,40555.61903,0,78211.77891,51927.39139,0,0,0,0,4185.22203,0,0,0,0,0,211054.7718,0,0,0,0,0,0,0,0,96.09876543
BG_15_80,5995.138822,1856.94492,0,0,0,0,0,0,0,0,0,0,0,0,0,0,0,0,0,0,0,0,89,42761.35587,18204.63247,0,0,0,0,9712.914749,0,0,0,0,0,0,0,0,0,0,0,0,0,0,0,0,0,0,0,0,86.14285714,505158.7847,61399.35115,0,0,0,0,94197.90983,0,0,3622.870056,0,0,0,0,1576.652162,0,108749.2801,0,0,10672.49568,0,0,0,0,0,0,0,0,0,82.7947494
BG_15_81,0,0,0,0,0,3600.137877,0,0,0,0,0,0,0,0,0,0,4251.931983,0,0,0,0,0,101,13175.42121,0,0,0,0,0,23057.73638,0,0,0,0,0,0,0,0,0,0,0,34447.68917,0,0,0,0,0,0,0,0,96.24137931,338992.0608,0,0,0,0,0,188180.4214,0,15598.47201,0,0,0,0,0,0,0,69366.24371,0,0,172486.453,0,0,0,0,0,752.6831891,0,0,0,94.34883721
BG_15_82,0,0,0,0,0,1937.259875,0,0,0,0,0,5914.515464,0,0,0,0,0,0,0,0,0,0,85.76470588,0,0,0,0,0,0,15483.34635,0,1501.980017,0,0,127.5086157,1136.267885,44371.15011,0,8059.680535,0,0,0,0,0,0,0,0,0,0,0,87.7755102,132960.2189,50927.39627,0,0,3267.365312,0,101831.6103,0,64009.00003,13779.0382,0,0,2077.438403,14133.75935,222554.2907,0,97712.95453,0,0,67021.69649,0,0,0,0,0,15102.82397,0,0,0,94.53846154
BG_15_83,0,0,0,0,0,0,0,7851.73114,0,0,0,0,0,0,0,0,0,0,0,0,0,0,89,0,10225.10781,0,0,0,0,0,0,0,45372.09924,0,0,0,1641.489234,0,13439.96145,0,0,0,0,0,0,0,0,0,0,0,89.21428571,58865.41725,117000.2051,0,1366.264838,8271.315418,0,1800.05926,5120.037485,29461.73932,156395.182,1839.621637,0,5300.603242,34246.7527,214786.3207,0,123358.412,0,0,0,0,0,0,0,0,0,0,0,27566.59585,94.42525773
BG_15_84,0,4901.615209,0,0,0,0,0,0,0,0,0,0,0,2752.387321,0,0,0,0,0,0,0,198.2029919,93.11764706,0,31652.68275,0,0,0,0,370.5281835,0,0,0,0,0,0,0,0,30642.62177,0,0,0,0,0,0,0,0,0,0,8014.668092,92.25,108983.1292,92572.86433,0,607.2748605,5636.353925,0,88556.58256,0,0,226906.4296,1019.996188,12701.9902,0,0,0,0,196031.0325,0,0,1131.97379,15752.83313,0,0,0,0,0,0,0,35475.83127,92.08300395
BG_15_85,633.416165,5710.892401,0,0,0,0,0,1507.557965,0,0,0,0,0,0,0,0,0,0,0,0,0,0,89,14765.30392,14090.24254,0,0,0,0,0,0,0,20095.02946,5036.090167,0,14938.69442,0,0,0,0,0,0,1451.671291,0,0,0,0,0,0,302.685242,90.4516129,185277.542,69985.95787,0,0,0,0,38292.86045,0,0,130414.9837,0,48757.10108,0,47854.88951,0,0,30568.28405,0,0,0,215350.2476,0,0,0,0,649.2792407,0,0,18227.66021,90.3255814
BG_15_86,0,0,0,0,0,0,0,0,2413.383781,0,5305.189054,0,0,0,0,0,0,133.6079021,0,0,0,0,99,5203.081802,724.7874453,0,0,0,0,0,0,0,0,30851.10233,0,33258.18332,0,0,28.13448136,0,0,0,614.7779979,0,0,0,0,0,0,0,96.64705882,108408.8185,105215.4385,0,0,0,0,6870.664689,0,0,103335.8044,0,94904.09278,0,116875.8799,7964.480913,0,40337.99357,0,0,34201.93868,151175.7221,0,0,5419.717167,0,7639.398504,0,0,3026.882673,96.42168675
BG_15_87,0,7762.449158,0,0,0,0,0,0,0,0,0,0,0,0,0,0,90.12982157,0,0,0,0,0,99,12.83056239,42741.7482,0,0,0,0,0,0,0,0,0,0,0,0,0,11280.91815,0,0,16644.6836,0,0,0,0,0,0,0,0,96.89473684,111062.8074,284084.3071,0,0,0,0,0,0,0,100151.489,0,2413.507104,0,9876.087635,23676.32248,0,119456.8714,0,0,61974.76844,0,0,15478.89792,19500.64796,0,0,0,37702.09959,0,96.52393981
BG_15_88,2930.892824,0,0,0,0,4920.969336,0,0,0,0,0,0,0,0,0,0,0,0,0,0,0,0,85,31279.81278,0,0,0,0,0,13639.34419,0,0,15376.63525,0,0,0,0,0,10383.61188,0,0,0,0,0,0,0,0,0,0,0,90.42857143,330393.8645,122473.0733,0,0,0,0,13639.34505,0,0,61458.97808,0,0,0,0,0,0,167784.2177,0,0,40631.58193,0,0,1645.735608,10620.47924,18632.01505,0,0,18098.43776,0,90.66315789
BG_15_89,7851.836184,0,0,0,0,0,0,0,0,0,0,0,0,0,0,0,0,0,0,0,0,0,94.625,69985.36444,0,0,0,0,0,0,0,0,0,0,0,0,0,0,0,0,0,0,0,0,0,694.6872971,0,0,0,0,94.64102564,552137.8467,1813.936071,0,0,0,0,55776.11794,0,0,39030.04791,0,0,0,0,0,0,90203.57617,0,0,18266.53972,0,0,8249.528932,19899.02734,0,0,0,0,0,89.1216545
BG_15_9,0.00832672,0,0,0,0,1815.464325,0,6036.413146,0,0,0,0,0,0,0,0,0,0,0,0,0,0,79.83333333,21980.51019,0,0,0,0,0,28624.77794,0,0,20074.64239,0,0,0,0,0,0,0,0,0,0,0,0,0,0,0,0,0,84.15625,277500.5579,96253.69734,0,0,0,48867.7407,83076.31276,0,25172.46837,76457.23308,0,0,0,20264.25442,140575.8151,0,0,0,0,0,17209.75093,0,0,0,0,0,0,0,0,89.67484663
BG_15_90,7851.821402,0,0,0,0,0,0,0,0,0,0,0,0,0,0,0,0,0,0,0,0,0,89,64224.3224,0,0,0,0,0,920.2778134,0,0,3902.84157,0,0,0,0,0,1632.675262,0,0,0,0,0,0,0,0,0,0,0,91.85714286,436469.4483,69024.33759,0,0,0,0,84551.90255,0,0,51056.15167,0,0,0,0,0,0,126009.3902,0,0,18266.53972,0,0,0,0,0,0,0,0,0,85.80291971
BG_15_91,7853.452839,0,0,0,0,0,0,0,0,0,0,0,0,0,0,0,0,0,0,0,0,0,109,70680.27812,0,0,0,0,0,0,0,0,0,0,0,0,0,0,0,0,0,0,0,0,0,0,0,0,0,0,107.3333333,531820.6708,0,0,0,0,4181.40949,70441.00331,0,56987.98263,0,0,57.79173693,0,0,0,0,0,0,0,98473.30464,16610.62427,0,0,0,0,6802.71591,0,0,0,101.1496063
BG_15_92,0,0,0,0,0,0,664.0921291,0,0,0,0,0,0,287.1840611,0,0,0,0,0,0,6901.140897,0,122.3333333,5684.334713,0,0,0,0,0,0,0,19908.97029,0,0,0,0,0,0,22740.39165,0,0,0,0,0,0,0,22345.72689,0,0,0,121.5,316506.9607,8979.752861,0,0,3353.797586,2992.282895,29362.79811,3299.834203,193059.3311,0,0,0,2077.438403,0,36603.57359,0,105684.687,0,0,10240.85054,31636.36322,0,0,0,0,41578.89527,0,0,0,106.7923387
BG_15_93,7022.483555,829.3431683,0,0,0,0,0,0,0,0,0,0,0,0,0,0,0,0,0,0,0,0,121,55550.98191,7844.288671,0,0,395.2799776,0,0,260.7224823,3361.197946,0,0,3267.452792,0,0,0,0,0,0,0,0,0,0,0,0,0,0,0,111.6666667,190803.5588,16824.04153,0,0,2272.348303,7870.533068,56501.50122,7386.679672,105651.4189,60820.39643,0,10718.28623,5144.71848,34048.89449,25791.44971,0,79403.74283,0,0,0,177389.5291,0,0,0,0,4591.736514,0,0,159.8626154,105.9252336
BG_15_94,289.7964366,0,0,0,0,3305.783837,0,0,0,0,0,0,0,0,0,0,0,4256.690796,0,0,0,0,85.66666667,11458.17431,0,0,0,0,0,17713.51973,0,0,0,0,0,0,0,0,0,0,0,0,41510.12188,0,0,0,0,0,0,0,84.17241379,83274.39828,43651.78788,0,0,2221.577975,0,97133.5513,0,0,38912.17961,0,25722.90069,3925.385975,7144.959887,0,0,50633.12585,0,0,0,410768.7148,0,0,0,0,1019.479271,0,0,20970.3157,96.85100287
BG_15_95,0,0,0,0,0,0,0,0,179.6599286,0,0,0,0,0,0,0,0,1321.780306,4178.086783,0,2172.675212,0,119,0,0,0,0,0,0,0,0,0,0,11170.08764,0,0,0,0,0,0,0,0,45564.45221,5081.071581,0,0,8864.942722,0,0,0,121.2222222,36574.55877,16258.37041,0,0,0,0,29913.56285,0,0,0,0,36988.80034,0,0,0,0,0,0,0,0,651681.3732,5081.071581,0,0,0,8881.042925,0,0,0,93.51327434
BG_15_96,3081.196221,0,0,0,0,0,3040.70233,0,0,0,0,0,0,0,0,0,1731.199881,0,0,0,0,0,92.33333333,22310.56374,0,0,0,0,0,0,0,22380.94375,0,0,0,0,0,0,0,0,0,16806.28048,9182.639922,0,0,0,0,0,0,0,95.4,168868.921,23002.32719,0,247.2058632,2666.556087,0,15213.55036,0,137034.2124,40574.9659,0,32380.06351,0,12510.30447,0,0,22243.99039,0,0,64295.40671,258701.6185,0,0,0,0,7639.398504,0,0,0,100.1877395
BG_15_97,553.5743572,6296.481686,0,0,0,0,0,0,0,0,0,0,0,1002.285006,0,0,0,0,0,0,0,0,97,10389.12771,29710.6881,0,0,0,0,0,0,2375.542215,0,0,0,0,0,0,28009.43167,0,0,193.898192,0,0,0,0,0,0,0,0,106.7777778,90446.28616,292676.1783,0,0,0,0,5669.716054,0,124485.5685,43060.67756,0,27935.36171,0,0,0,0,140426.0538,0,0,60095.06964,0,0,0,0,0,582.4635806,0,0,0,101.9394813
BG_15_98,3750.285902,2143.079762,0,0,0,0,0,0,0,0,0,0,0,1958.893364,0,0,0,0,0,0,0,0,83.28571429,20727.12881,33055.82458,0,0,0,0,0,0,0,0,0,0,0,0,0,16896.37357,0,0,0,0,0,0,0,0,0,0,0,83.375,214320.0437,280378.0396,0,0,0,0,17406.67271,0,12397.0173,34098.60317,0,0,0,0,0,0,170667.632,0,0,12096.93339,0,0,9430.63234,788.9712068,33622.61481,169.2917325,0,0,0,90.00775194
BG_15_99,7852.338807,0,0,0,0,0,0,0,0,0,0,0,0,0,0,0,0,0,0,0,0,0,89,46173.65592,0,0,0,0,0,9389.679121,0,0,13541.02067,0,0,0,0,0,1576.315056,0,0,0,0,0,0,0,0,0,0,0,99.52631579,380855.0205,112985.5841,0,1280.581025,7509.271118,0,25671.53078,0,0,108297.5103,0,0,0,0,0,0,82024.05283,0,0,20492.34972,0,0,9430.63234,13997.22972,22833.72489,0,0,0,0,92.07432432
